--
-- PostgreSQL database dump
--

\restrict VJIDfGd2KZ6UcA9a2hJR4fBRAG1vbxgwoK5ei40Vta2Ka3urTPXlN86tV7aHp6C

-- Dumped from database version 17.7
-- Dumped by pg_dump version 18.1

-- Started on 2025-12-20 10:16:23

SET statement_timeout = 0;
SET lock_timeout = 0;
SET idle_in_transaction_session_timeout = 0;
SET transaction_timeout = 0;
SET client_encoding = 'UTF8';
SET standard_conforming_strings = on;
SELECT pg_catalog.set_config('search_path', '', false);
SET check_function_bodies = false;
SET xmloption = content;
SET client_min_messages = warning;
SET row_security = off;

SET default_tablespace = '';

SET default_table_access_method = heap;

--
-- TOC entry 218 (class 1259 OID 16386)
-- Name: permissions; Type: TABLE; Schema: public; Owner: postgres
--

CREATE TABLE public.permissions (
    id bigint NOT NULL,
    created_at timestamp(6) with time zone,
    created_by character varying(255),
    modified_by character varying(255),
    updated_at timestamp(6) with time zone,
    api_path character varying(255) NOT NULL,
    method character varying(255) NOT NULL,
    module character varying(255) NOT NULL,
    name character varying(255) NOT NULL
);


ALTER TABLE public.permissions OWNER TO postgres;

--
-- TOC entry 217 (class 1259 OID 16385)
-- Name: permissions_id_seq; Type: SEQUENCE; Schema: public; Owner: postgres
--

ALTER TABLE public.permissions ALTER COLUMN id ADD GENERATED BY DEFAULT AS IDENTITY (
    SEQUENCE NAME public.permissions_id_seq
    START WITH 1
    INCREMENT BY 1
    NO MINVALUE
    NO MAXVALUE
    CACHE 1
);


--
-- TOC entry 220 (class 1259 OID 16394)
-- Name: roles; Type: TABLE; Schema: public; Owner: postgres
--

CREATE TABLE public.roles (
    id bigint NOT NULL,
    created_at timestamp(6) with time zone,
    created_by character varying(255),
    modified_by character varying(255),
    updated_at timestamp(6) with time zone,
    active boolean NOT NULL,
    role_description character varying(255),
    role_name character varying(255) NOT NULL
);


ALTER TABLE public.roles OWNER TO postgres;

--
-- TOC entry 219 (class 1259 OID 16393)
-- Name: roles_id_seq; Type: SEQUENCE; Schema: public; Owner: postgres
--

ALTER TABLE public.roles ALTER COLUMN id ADD GENERATED BY DEFAULT AS IDENTITY (
    SEQUENCE NAME public.roles_id_seq
    START WITH 1
    INCREMENT BY 1
    NO MINVALUE
    NO MAXVALUE
    CACHE 1
);


--
-- TOC entry 221 (class 1259 OID 16401)
-- Name: roles_permissions; Type: TABLE; Schema: public; Owner: postgres
--

CREATE TABLE public.roles_permissions (
    role_id bigint NOT NULL,
    permission_id bigint NOT NULL
);


ALTER TABLE public.roles_permissions OWNER TO postgres;

--
-- TOC entry 223 (class 1259 OID 16407)
-- Name: users; Type: TABLE; Schema: public; Owner: postgres
--

CREATE TABLE public.users (
    id bigint NOT NULL,
    created_at timestamp(6) with time zone,
    created_by character varying(255),
    modified_by character varying(255),
    updated_at timestamp(6) with time zone,
    address character varying(255),
    birth_date date,
    email character varying(255) NOT NULL,
    gender character varying(255),
    logo_url character varying(255),
    password character varying(255) NOT NULL,
    phone_number character varying(255),
    username character varying(255) NOT NULL,
    role_id bigint,
    provider character varying(255),
    provider_id character varying(255),
    CONSTRAINT users_gender_check CHECK (((gender)::text = ANY ((ARRAY['FEMALE'::character varying, 'MALE'::character varying, 'OTHER'::character varying])::text[]))),
    CONSTRAINT users_provider_check CHECK (((provider)::text = ANY ((ARRAY['LOCAL'::character varying, 'GOOGLE'::character varying, 'FACEBOOK'::character varying])::text[])))
);


ALTER TABLE public.users OWNER TO postgres;

--
-- TOC entry 222 (class 1259 OID 16406)
-- Name: users_id_seq; Type: SEQUENCE; Schema: public; Owner: postgres
--

ALTER TABLE public.users ALTER COLUMN id ADD GENERATED BY DEFAULT AS IDENTITY (
    SEQUENCE NAME public.users_id_seq
    START WITH 1
    INCREMENT BY 1
    NO MINVALUE
    NO MAXVALUE
    CACHE 1
);


--
-- TOC entry 3448 (class 0 OID 16386)
-- Dependencies: 218
-- Data for Name: permissions; Type: TABLE DATA; Schema: public; Owner: postgres
--

COPY public.permissions (id, created_at, created_by, modified_by, updated_at, api_path, method, module, name) FROM stdin;
1	2025-12-16 03:10:02.932095+00	SYSTEM	\N	\N	/api/permissions	POST	auth-service	Tạo quyền hạn
2	2025-12-16 03:10:02.932095+00	SYSTEM	\N	\N	/api/permissions	GET	auth-service	Lấy danh sách quyền hạn
3	2025-12-16 03:10:02.932095+00	SYSTEM	\N	\N	/api/permissions/{id}	PUT	auth-service	Cập nhật quyền hạn
4	2025-12-16 03:10:02.932095+00	SYSTEM	\N	\N	/api/permissions/{id}	DELETE	auth-service	Xóa quyền hạn
5	2025-12-16 03:10:02.932095+00	SYSTEM	\N	\N	/api/users	POST	auth-service	Tạo User
6	2025-12-16 03:10:02.932095+00	SYSTEM	\N	\N	/api/users	GET	auth-service	Lấy danh sách User
7	2025-12-16 03:10:02.932095+00	SYSTEM	\N	\N	/api/users/{id}	GET	auth-service	Tìm User theo ID
8	2025-12-16 03:10:02.932095+00	SYSTEM	\N	\N	/api/users	PUT	auth-service	Cập nhật User
9	2025-12-16 03:10:02.932095+00	SYSTEM	\N	\N	/api/users/{id}	DELETE	auth-service	Xóa User theo ID
10	2025-12-16 03:10:02.932095+00	SYSTEM	\N	\N	/api/roles	POST	auth-service	Tạo Role
11	2025-12-16 03:10:02.932095+00	SYSTEM	\N	\N	/api/roles/{id}	PUT	auth-service	Cập nhật Role
12	2025-12-16 03:10:02.932095+00	SYSTEM	\N	\N	/api/roles/{id}	DELETE	auth-service	Xóa Role
13	2025-12-16 03:10:02.932095+00	SYSTEM	\N	\N	/api/roles	GET	auth-service	Lấy danh sách Role
14	2025-12-16 03:10:02.932095+00	SYSTEM	\N	\N	/api/products	POST	product-service	Tạo sản phẩm
15	2025-12-16 03:10:02.932095+00	SYSTEM	\N	\N	/api/products/{id}	PUT	product-service	Cập nhật sản phẩm
16	2025-12-16 03:10:02.932095+00	SYSTEM	\N	\N	/api/products/{id}	DELETE	product-service	Xóa sản phẩm
17	2025-12-16 03:10:02.932095+00	SYSTEM	\N	\N	/api/categories	POST	product-service	Tạo danh mục
19	2025-12-16 03:10:02.932095+00	SYSTEM	\N	\N	/api/categories/{id}	PUT	product-service	Cập nhật danh mục
20	2025-12-16 03:10:02.932095+00	SYSTEM	\N	\N	/api/categories/{id}	DELETE	product-service	Xóa danh mục
21	2025-12-16 03:10:02.932095+00	SYSTEM	\N	\N	/api/inventory/{productId}	POST	inventory-service	Tạo kho hàng
22	2025-12-16 03:10:02.932095+00	SYSTEM	\N	\N	/api/inventory	GET	inventory-service	Lấy danh sách kho hàng
23	2025-12-16 03:10:02.932095+00	SYSTEM	\N	\N	/api/inventory/{productId}	PUT	inventory-service	Cập nhật kho hàng
24	2025-12-16 03:10:02.932095+00	SYSTEM	\N	\N	/api/inventory/{productId}	DELETE	inventory-service	Xóa kho hàng
25	2025-12-16 03:10:02.932095+00	SYSTEM	\N	\N	/api/orders/admin/all	GET	order-service	Lấy tất cả đơn hàng (Admin)
18	2025-12-16 03:10:02.932095+00	SYSTEM	\N	\N	/api/payments/order/{orderId}	GET	payment-service	lấy thông tin payment
26	2025-12-16 03:10:02.932095+00	SYSTEM	\N	\N	/api/monitor/health/services	GET	monitor-service	lây toàn bộ
27	2025-12-16 03:10:02.932095+00	SYSTEM	\N	\N	/api/monitor/health/services/{serviceName}	GET	monitor-service	lấy tình trạng của service
28	2025-12-16 03:10:02.932095+00	SYSTEM	\N	\N	/api/monitor/health/services/registered	GET	monitor-service	lấy tình trang cho tất cả
29	2025-12-16 03:10:02.932095+00	SYSTEM	\N	\N	/api/monitor/metrics/history	GET	monitor-service	Lấy  metric
30	2025-12-16 03:10:02.932095+00	SYSTEM	\N	\N	/api/monitor/metrics/response-time/{serviceName}	GET	monitor-service	lấy metric
31	2025-12-16 03:10:02.932095+00	SYSTEM	\N	\N	/api/monitor/metrics/requests/{serviceName}	GET	monitor-service	lấy metric
32	2025-12-16 03:10:02.932095+00	SYSTEM	\N	\N	/api/monitor/metrics/memory/{serviceName}	GET	monitor-service	lấy metric
33	2025-12-16 03:10:02.932095+00	SYSTEM	\N	\N	/api/monitor/metrics/cpu/{serviceName}	GET	monitor-service	lấy metric
34	2025-12-16 03:10:02.932095+00	SYSTEM	\N	\N	/api/monitor/metrics/dashboard	GET	monitor-service	lấy metric
41	2025-12-16 03:10:02.932095+00	SYSTEM	\N	\N	/api/payments/admin/stats	GET	payment-service	Lấy thống kê doanh thu
42	2025-12-16 03:10:02.932095+00	SYSTEM	\N	\N	/api/orders/admin/all	GET	order-service	Lấy thống kê order
35	2025-12-16 03:10:02.932095+00	SYSTEM	\N	\N	/api/orders/admin/status/{status}	GET	ORDER	Lọc đơn hàng theo trạng thái
36	2025-12-16 03:10:02.932095+00	SYSTEM	\N	\N	/api/orders/admin/{orderId}/status	PUT	ORDER	Cập nhật trạng thái đơn hàng
37	2025-12-16 03:10:02.932095+00	SYSTEM	\N	\N	/api/inventory/stats	GET	inventory-service	lấy thống kê inventory theo trạng thái
38	2025-12-16 03:10:02.932095+00	SYSTEM	\N	\N	/api/orders/admin/status/{status}	GET	order-service	Lấy thống kê đơn hàng theo trạng thái
39	2025-12-16 03:10:02.932095+00	SYSTEM	\N	\N	/api/users/admin/stats	GET	auth-service	Lấy thống kê user
40	2025-12-16 03:10:02.932095+00	SYSTEM	\N	\N	/api/products/admin/stats	GET	product-service	Lấy thống kê sản phẩm
43	2025-12-16 03:10:02.932095+00	SYSTEM	\N	\N	/api/reviews/admin/stats	GET	product-service	Lấy đánh giá
44	2025-12-16 03:10:02.932095+00	SYSTEM	\N	\N	/api/notifications/admin	GET	notification-service	lấy thông báo
45	2025-12-16 03:10:02.932095+00	SYSTEM	\N	\N	/api/notifications/admin/count	GET	notification-service	lấy thông báo
46	2025-12-16 03:10:02.932095+00	SYSTEM	\N	\N	/api/notifications/admin/read-all	PUT	notification-service	Lấy thông báo
\.


--
-- TOC entry 3450 (class 0 OID 16394)
-- Dependencies: 220
-- Data for Name: roles; Type: TABLE DATA; Schema: public; Owner: postgres
--

COPY public.roles (id, created_at, created_by, modified_by, updated_at, active, role_description, role_name) FROM stdin;
1	2025-12-16 02:48:32.136624+00	system	system	2025-12-16 02:48:32.136624+00	t	Quản trị viên hệ thống	ADMIN
2	2025-12-16 02:48:32.136624+00	system	system	2025-12-16 02:48:32.136624+00	t	Người dùng thông thường	USER
\.


--
-- TOC entry 3451 (class 0 OID 16401)
-- Dependencies: 221
-- Data for Name: roles_permissions; Type: TABLE DATA; Schema: public; Owner: postgres
--

COPY public.roles_permissions (role_id, permission_id) FROM stdin;
1	1
1	2
1	3
1	4
1	5
1	6
1	7
1	8
1	9
1	10
1	11
1	12
1	13
1	14
1	15
1	16
1	17
1	18
1	19
1	20
1	21
1	22
1	23
1	24
1	25
1	26
1	27
1	28
1	29
1	30
1	31
1	32
1	33
1	34
1	35
1	36
1	37
1	38
1	39
1	40
1	41
1	42
1	43
1	44
1	45
1	46
\.


--
-- TOC entry 3453 (class 0 OID 16407)
-- Dependencies: 223
-- Data for Name: users; Type: TABLE DATA; Schema: public; Owner: postgres
--

COPY public.users (id, created_at, created_by, modified_by, updated_at, address, birth_date, email, gender, logo_url, password, phone_number, username, role_id, provider, provider_id) FROM stdin;
5	2025-12-16 02:53:37.72744+00	system_auto	system_auto	2025-12-16 02:53:37.72744+00	Địa chỉ tự động số 2	1995-01-21	user_auto_2@example.com	MALE	\N	$2a$10$Z6NUN8KjjfNSm5ujP49IP.FPO48jrA9apJE4TlLs./UEskYtJd2Ui	0900000002	user_account_2	2	\N	\N
6	2025-12-16 02:53:37.72744+00	system_auto	system_auto	2025-12-16 02:53:37.72744+00	Địa chỉ tự động số 3	1995-01-31	user_auto_3@example.com	FEMALE	\N	$2a$10$Z6NUN8KjjfNSm5ujP49IP.FPO48jrA9apJE4TlLs./UEskYtJd2Ui	0900000003	user_account_3	2	\N	\N
7	2025-12-16 02:53:37.72744+00	system_auto	system_auto	2025-12-16 02:53:37.72744+00	Địa chỉ tự động số 4	1995-02-10	user_auto_4@example.com	MALE	\N	$2a$10$Z6NUN8KjjfNSm5ujP49IP.FPO48jrA9apJE4TlLs./UEskYtJd2Ui	0900000004	user_account_4	2	\N	\N
8	2025-12-16 02:53:37.72744+00	system_auto	system_auto	2025-12-16 02:53:37.72744+00	Địa chỉ tự động số 5	1995-02-20	user_auto_5@example.com	FEMALE	\N	$2a$10$Z6NUN8KjjfNSm5ujP49IP.FPO48jrA9apJE4TlLs./UEskYtJd2Ui	0900000005	user_account_5	2	\N	\N
9	2025-12-16 02:53:37.72744+00	system_auto	system_auto	2025-12-16 02:53:37.72744+00	Địa chỉ tự động số 6	1995-03-02	user_auto_6@example.com	MALE	\N	$2a$10$Z6NUN8KjjfNSm5ujP49IP.FPO48jrA9apJE4TlLs./UEskYtJd2Ui	0900000006	user_account_6	2	\N	\N
10	2025-12-16 02:53:37.72744+00	system_auto	system_auto	2025-12-16 02:53:37.72744+00	Địa chỉ tự động số 7	1995-03-12	user_auto_7@example.com	FEMALE	\N	$2a$10$Z6NUN8KjjfNSm5ujP49IP.FPO48jrA9apJE4TlLs./UEskYtJd2Ui	0900000007	user_account_7	2	\N	\N
11	2025-12-16 02:53:37.72744+00	system_auto	system_auto	2025-12-16 02:53:37.72744+00	Địa chỉ tự động số 8	1995-03-22	user_auto_8@example.com	MALE	\N	$2a$10$Z6NUN8KjjfNSm5ujP49IP.FPO48jrA9apJE4TlLs./UEskYtJd2Ui	0900000008	user_account_8	2	\N	\N
12	2025-12-16 02:53:37.72744+00	system_auto	system_auto	2025-12-16 02:53:37.72744+00	Địa chỉ tự động số 9	1995-04-01	user_auto_9@example.com	FEMALE	\N	$2a$10$Z6NUN8KjjfNSm5ujP49IP.FPO48jrA9apJE4TlLs./UEskYtJd2Ui	0900000009	user_account_9	2	\N	\N
13	2025-12-16 02:53:37.72744+00	system_auto	system_auto	2025-12-16 02:53:37.72744+00	Địa chỉ tự động số 10	1995-04-11	user_auto_10@example.com	MALE	\N	$2a$10$Z6NUN8KjjfNSm5ujP49IP.FPO48jrA9apJE4TlLs./UEskYtJd2Ui	0900000010	user_account_10	2	\N	\N
14	2025-12-16 02:53:37.72744+00	system_auto	system_auto	2025-12-16 02:53:37.72744+00	Địa chỉ tự động số 11	1995-04-21	user_auto_11@example.com	FEMALE	\N	$2a$10$Z6NUN8KjjfNSm5ujP49IP.FPO48jrA9apJE4TlLs./UEskYtJd2Ui	0900000011	user_account_11	2	\N	\N
15	2025-12-16 02:53:37.72744+00	system_auto	system_auto	2025-12-16 02:53:37.72744+00	Địa chỉ tự động số 12	1995-05-01	user_auto_12@example.com	MALE	\N	$2a$10$Z6NUN8KjjfNSm5ujP49IP.FPO48jrA9apJE4TlLs./UEskYtJd2Ui	0900000012	user_account_12	2	\N	\N
16	2025-12-16 02:53:37.72744+00	system_auto	system_auto	2025-12-16 02:53:37.72744+00	Địa chỉ tự động số 13	1995-05-11	user_auto_13@example.com	FEMALE	\N	$2a$10$Z6NUN8KjjfNSm5ujP49IP.FPO48jrA9apJE4TlLs./UEskYtJd2Ui	0900000013	user_account_13	2	\N	\N
17	2025-12-16 02:53:37.72744+00	system_auto	system_auto	2025-12-16 02:53:37.72744+00	Địa chỉ tự động số 14	1995-05-21	user_auto_14@example.com	MALE	\N	$2a$10$Z6NUN8KjjfNSm5ujP49IP.FPO48jrA9apJE4TlLs./UEskYtJd2Ui	0900000014	user_account_14	2	\N	\N
18	2025-12-16 02:53:37.72744+00	system_auto	system_auto	2025-12-16 02:53:37.72744+00	Địa chỉ tự động số 15	1995-05-31	user_auto_15@example.com	FEMALE	\N	$2a$10$Z6NUN8KjjfNSm5ujP49IP.FPO48jrA9apJE4TlLs./UEskYtJd2Ui	0900000015	user_account_15	2	\N	\N
19	2025-12-16 02:53:37.72744+00	system_auto	system_auto	2025-12-16 02:53:37.72744+00	Địa chỉ tự động số 16	1995-06-10	user_auto_16@example.com	MALE	\N	$2a$10$Z6NUN8KjjfNSm5ujP49IP.FPO48jrA9apJE4TlLs./UEskYtJd2Ui	0900000016	user_account_16	2	\N	\N
20	2025-12-16 02:53:37.72744+00	system_auto	system_auto	2025-12-16 02:53:37.72744+00	Địa chỉ tự động số 17	1995-06-20	user_auto_17@example.com	FEMALE	\N	$2a$10$Z6NUN8KjjfNSm5ujP49IP.FPO48jrA9apJE4TlLs./UEskYtJd2Ui	0900000017	user_account_17	2	\N	\N
21	2025-12-16 02:53:37.72744+00	system_auto	system_auto	2025-12-16 02:53:37.72744+00	Địa chỉ tự động số 18	1995-06-30	user_auto_18@example.com	MALE	\N	$2a$10$Z6NUN8KjjfNSm5ujP49IP.FPO48jrA9apJE4TlLs./UEskYtJd2Ui	0900000018	user_account_18	2	\N	\N
22	2025-12-16 02:53:37.72744+00	system_auto	system_auto	2025-12-16 02:53:37.72744+00	Địa chỉ tự động số 19	1995-07-10	user_auto_19@example.com	FEMALE	\N	$2a$10$Z6NUN8KjjfNSm5ujP49IP.FPO48jrA9apJE4TlLs./UEskYtJd2Ui	0900000019	user_account_19	2	\N	\N
23	2025-12-16 02:53:37.72744+00	system_auto	system_auto	2025-12-16 02:53:37.72744+00	Địa chỉ tự động số 20	1995-07-20	user_auto_20@example.com	MALE	\N	$2a$10$Z6NUN8KjjfNSm5ujP49IP.FPO48jrA9apJE4TlLs./UEskYtJd2Ui	0900000020	user_account_20	2	\N	\N
24	2025-12-16 02:54:30.376386+00	system_auto_batch2	system_auto_batch2	2025-12-16 02:54:30.376386+00	Địa chỉ tự động số 21	1990-02-12	user_auto_21@example.com	FEMALE	\N	$2a$10$Z6NUN8KjjfNSm5ujP49IP.FPO48jrA9apJE4TlLs./UEskYtJd2Ui	0900000021	user_account_21	2	\N	\N
25	2025-12-16 02:54:30.376386+00	system_auto_batch2	system_auto_batch2	2025-12-16 02:54:30.376386+00	Địa chỉ tự động số 22	1990-02-14	user_auto_22@example.com	MALE	\N	$2a$10$Z6NUN8KjjfNSm5ujP49IP.FPO48jrA9apJE4TlLs./UEskYtJd2Ui	0900000022	user_account_22	2	\N	\N
26	2025-12-16 02:54:30.376386+00	system_auto_batch2	system_auto_batch2	2025-12-16 02:54:30.376386+00	Địa chỉ tự động số 23	1990-02-16	user_auto_23@example.com	FEMALE	\N	$2a$10$Z6NUN8KjjfNSm5ujP49IP.FPO48jrA9apJE4TlLs./UEskYtJd2Ui	0900000023	user_account_23	2	\N	\N
27	2025-12-16 02:54:30.376386+00	system_auto_batch2	system_auto_batch2	2025-12-16 02:54:30.376386+00	Địa chỉ tự động số 24	1990-02-18	user_auto_24@example.com	MALE	\N	$2a$10$Z6NUN8KjjfNSm5ujP49IP.FPO48jrA9apJE4TlLs./UEskYtJd2Ui	0900000024	user_account_24	2	\N	\N
28	2025-12-16 02:54:30.376386+00	system_auto_batch2	system_auto_batch2	2025-12-16 02:54:30.376386+00	Địa chỉ tự động số 25	1990-02-20	user_auto_25@example.com	FEMALE	\N	$2a$10$Z6NUN8KjjfNSm5ujP49IP.FPO48jrA9apJE4TlLs./UEskYtJd2Ui	0900000025	user_account_25	2	\N	\N
29	2025-12-16 02:54:30.376386+00	system_auto_batch2	system_auto_batch2	2025-12-16 02:54:30.376386+00	Địa chỉ tự động số 26	1990-02-22	user_auto_26@example.com	MALE	\N	$2a$10$Z6NUN8KjjfNSm5ujP49IP.FPO48jrA9apJE4TlLs./UEskYtJd2Ui	0900000026	user_account_26	2	\N	\N
30	2025-12-16 02:54:30.376386+00	system_auto_batch2	system_auto_batch2	2025-12-16 02:54:30.376386+00	Địa chỉ tự động số 27	1990-02-24	user_auto_27@example.com	FEMALE	\N	$2a$10$Z6NUN8KjjfNSm5ujP49IP.FPO48jrA9apJE4TlLs./UEskYtJd2Ui	0900000027	user_account_27	2	\N	\N
31	2025-12-16 02:54:30.376386+00	system_auto_batch2	system_auto_batch2	2025-12-16 02:54:30.376386+00	Địa chỉ tự động số 28	1990-02-26	user_auto_28@example.com	MALE	\N	$2a$10$Z6NUN8KjjfNSm5ujP49IP.FPO48jrA9apJE4TlLs./UEskYtJd2Ui	0900000028	user_account_28	2	\N	\N
3	2025-12-16 02:50:08.986442+00	anonymousUser	anonymousUser	2025-12-18 16:11:28.498396+00	string	2002-12-06	an01639419125@gmail.com	MALE	\N	$2a$10$xnRbK523f.fcCgIA3XfHC.nilbuCepwIrvXwZqrYBk1F7jfGhmIPy	0862698420	TranAn	2	\N	\N
4	2025-12-16 02:53:37.72744+00	system_auto	admin@gmail.com	2025-12-17 17:21:27.758658+00	Địa chỉ tự động số 1	1995-01-11	user_auto_1@example.com	FEMALE	\N	$2a$10$Z6NUN8KjjfNSm5ujP49IP.FPO48jrA9apJE4TlLs./UEskYtJd2Ui	0900000001	user_account_1111	2	\N	\N
32	2025-12-16 02:54:30.376386+00	system_auto_batch2	system_auto_batch2	2025-12-16 02:54:30.376386+00	Địa chỉ tự động số 29	1990-02-28	user_auto_29@example.com	FEMALE	\N	$2a$10$Z6NUN8KjjfNSm5ujP49IP.FPO48jrA9apJE4TlLs./UEskYtJd2Ui	0900000029	user_account_29	2	\N	\N
33	2025-12-16 02:54:30.376386+00	system_auto_batch2	system_auto_batch2	2025-12-16 02:54:30.376386+00	Địa chỉ tự động số 30	1990-03-02	user_auto_30@example.com	MALE	\N	$2a$10$Z6NUN8KjjfNSm5ujP49IP.FPO48jrA9apJE4TlLs./UEskYtJd2Ui	0900000030	user_account_30	2	\N	\N
34	2025-12-16 02:54:30.376386+00	system_auto_batch2	system_auto_batch2	2025-12-16 02:54:30.376386+00	Địa chỉ tự động số 31	1990-03-04	user_auto_31@example.com	FEMALE	\N	$2a$10$Z6NUN8KjjfNSm5ujP49IP.FPO48jrA9apJE4TlLs./UEskYtJd2Ui	0900000031	user_account_31	2	\N	\N
35	2025-12-16 02:54:30.376386+00	system_auto_batch2	system_auto_batch2	2025-12-16 02:54:30.376386+00	Địa chỉ tự động số 32	1990-03-06	user_auto_32@example.com	MALE	\N	$2a$10$Z6NUN8KjjfNSm5ujP49IP.FPO48jrA9apJE4TlLs./UEskYtJd2Ui	0900000032	user_account_32	2	\N	\N
36	2025-12-16 02:54:30.376386+00	system_auto_batch2	system_auto_batch2	2025-12-16 02:54:30.376386+00	Địa chỉ tự động số 33	1990-03-08	user_auto_33@example.com	FEMALE	\N	$2a$10$Z6NUN8KjjfNSm5ujP49IP.FPO48jrA9apJE4TlLs./UEskYtJd2Ui	0900000033	user_account_33	2	\N	\N
37	2025-12-16 02:54:30.376386+00	system_auto_batch2	system_auto_batch2	2025-12-16 02:54:30.376386+00	Địa chỉ tự động số 34	1990-03-10	user_auto_34@example.com	MALE	\N	$2a$10$Z6NUN8KjjfNSm5ujP49IP.FPO48jrA9apJE4TlLs./UEskYtJd2Ui	0900000034	user_account_34	2	\N	\N
38	2025-12-16 02:54:30.376386+00	system_auto_batch2	system_auto_batch2	2025-12-16 02:54:30.376386+00	Địa chỉ tự động số 35	1990-03-12	user_auto_35@example.com	FEMALE	\N	$2a$10$Z6NUN8KjjfNSm5ujP49IP.FPO48jrA9apJE4TlLs./UEskYtJd2Ui	0900000035	user_account_35	2	\N	\N
39	2025-12-16 02:54:30.376386+00	system_auto_batch2	system_auto_batch2	2025-12-16 02:54:30.376386+00	Địa chỉ tự động số 36	1990-03-14	user_auto_36@example.com	MALE	\N	$2a$10$Z6NUN8KjjfNSm5ujP49IP.FPO48jrA9apJE4TlLs./UEskYtJd2Ui	0900000036	user_account_36	2	\N	\N
40	2025-12-16 02:54:30.376386+00	system_auto_batch2	system_auto_batch2	2025-12-16 02:54:30.376386+00	Địa chỉ tự động số 37	1990-03-16	user_auto_37@example.com	FEMALE	\N	$2a$10$Z6NUN8KjjfNSm5ujP49IP.FPO48jrA9apJE4TlLs./UEskYtJd2Ui	0900000037	user_account_37	2	\N	\N
41	2025-12-16 02:54:30.376386+00	system_auto_batch2	system_auto_batch2	2025-12-16 02:54:30.376386+00	Địa chỉ tự động số 38	1990-03-18	user_auto_38@example.com	MALE	\N	$2a$10$Z6NUN8KjjfNSm5ujP49IP.FPO48jrA9apJE4TlLs./UEskYtJd2Ui	0900000038	user_account_38	2	\N	\N
42	2025-12-16 02:54:30.376386+00	system_auto_batch2	system_auto_batch2	2025-12-16 02:54:30.376386+00	Địa chỉ tự động số 39	1990-03-20	user_auto_39@example.com	FEMALE	\N	$2a$10$Z6NUN8KjjfNSm5ujP49IP.FPO48jrA9apJE4TlLs./UEskYtJd2Ui	0900000039	user_account_39	2	\N	\N
43	2025-12-16 02:54:30.376386+00	system_auto_batch2	system_auto_batch2	2025-12-16 02:54:30.376386+00	Địa chỉ tự động số 40	1990-03-22	user_auto_40@example.com	MALE	\N	$2a$10$Z6NUN8KjjfNSm5ujP49IP.FPO48jrA9apJE4TlLs./UEskYtJd2Ui	0900000040	user_account_40	2	\N	\N
44	2025-12-16 02:54:30.376386+00	system_auto_batch2	system_auto_batch2	2025-12-16 02:54:30.376386+00	Địa chỉ tự động số 41	1990-03-24	user_auto_41@example.com	FEMALE	\N	$2a$10$Z6NUN8KjjfNSm5ujP49IP.FPO48jrA9apJE4TlLs./UEskYtJd2Ui	0900000041	user_account_41	2	\N	\N
45	2025-12-16 02:54:30.376386+00	system_auto_batch2	system_auto_batch2	2025-12-16 02:54:30.376386+00	Địa chỉ tự động số 42	1990-03-26	user_auto_42@example.com	MALE	\N	$2a$10$Z6NUN8KjjfNSm5ujP49IP.FPO48jrA9apJE4TlLs./UEskYtJd2Ui	0900000042	user_account_42	2	\N	\N
46	2025-12-16 02:54:30.376386+00	system_auto_batch2	system_auto_batch2	2025-12-16 02:54:30.376386+00	Địa chỉ tự động số 43	1990-03-28	user_auto_43@example.com	FEMALE	\N	$2a$10$Z6NUN8KjjfNSm5ujP49IP.FPO48jrA9apJE4TlLs./UEskYtJd2Ui	0900000043	user_account_43	2	\N	\N
47	2025-12-16 02:54:30.376386+00	system_auto_batch2	system_auto_batch2	2025-12-16 02:54:30.376386+00	Địa chỉ tự động số 44	1990-03-30	user_auto_44@example.com	MALE	\N	$2a$10$Z6NUN8KjjfNSm5ujP49IP.FPO48jrA9apJE4TlLs./UEskYtJd2Ui	0900000044	user_account_44	2	\N	\N
48	2025-12-16 02:54:30.376386+00	system_auto_batch2	system_auto_batch2	2025-12-16 02:54:30.376386+00	Địa chỉ tự động số 45	1990-04-01	user_auto_45@example.com	FEMALE	\N	$2a$10$Z6NUN8KjjfNSm5ujP49IP.FPO48jrA9apJE4TlLs./UEskYtJd2Ui	0900000045	user_account_45	2	\N	\N
49	2025-12-16 02:54:30.376386+00	system_auto_batch2	system_auto_batch2	2025-12-16 02:54:30.376386+00	Địa chỉ tự động số 46	1990-04-03	user_auto_46@example.com	MALE	\N	$2a$10$Z6NUN8KjjfNSm5ujP49IP.FPO48jrA9apJE4TlLs./UEskYtJd2Ui	0900000046	user_account_46	2	\N	\N
50	2025-12-16 02:54:30.376386+00	system_auto_batch2	system_auto_batch2	2025-12-16 02:54:30.376386+00	Địa chỉ tự động số 47	1990-04-05	user_auto_47@example.com	FEMALE	\N	$2a$10$Z6NUN8KjjfNSm5ujP49IP.FPO48jrA9apJE4TlLs./UEskYtJd2Ui	0900000047	user_account_47	2	\N	\N
51	2025-12-16 02:54:30.376386+00	system_auto_batch2	system_auto_batch2	2025-12-16 02:54:30.376386+00	Địa chỉ tự động số 48	1990-04-07	user_auto_48@example.com	MALE	\N	$2a$10$Z6NUN8KjjfNSm5ujP49IP.FPO48jrA9apJE4TlLs./UEskYtJd2Ui	0900000048	user_account_48	2	\N	\N
52	2025-12-16 02:54:30.376386+00	system_auto_batch2	system_auto_batch2	2025-12-16 02:54:30.376386+00	Địa chỉ tự động số 49	1990-04-09	user_auto_49@example.com	FEMALE	\N	$2a$10$Z6NUN8KjjfNSm5ujP49IP.FPO48jrA9apJE4TlLs./UEskYtJd2Ui	0900000049	user_account_49	2	\N	\N
53	2025-12-16 02:54:30.376386+00	system_auto_batch2	system_auto_batch2	2025-12-16 02:54:30.376386+00	Địa chỉ tự động số 50	1990-04-11	user_auto_50@example.com	MALE	\N	$2a$10$Z6NUN8KjjfNSm5ujP49IP.FPO48jrA9apJE4TlLs./UEskYtJd2Ui	0900000050	user_account_50	2	\N	\N
54	2025-12-16 02:54:30.376386+00	system_auto_batch2	system_auto_batch2	2025-12-16 02:54:30.376386+00	Địa chỉ tự động số 51	1990-04-13	user_auto_51@example.com	FEMALE	\N	$2a$10$Z6NUN8KjjfNSm5ujP49IP.FPO48jrA9apJE4TlLs./UEskYtJd2Ui	0900000051	user_account_51	2	\N	\N
55	2025-12-16 02:54:30.376386+00	system_auto_batch2	system_auto_batch2	2025-12-16 02:54:30.376386+00	Địa chỉ tự động số 52	1990-04-15	user_auto_52@example.com	MALE	\N	$2a$10$Z6NUN8KjjfNSm5ujP49IP.FPO48jrA9apJE4TlLs./UEskYtJd2Ui	0900000052	user_account_52	2	\N	\N
56	2025-12-16 02:54:30.376386+00	system_auto_batch2	system_auto_batch2	2025-12-16 02:54:30.376386+00	Địa chỉ tự động số 53	1990-04-17	user_auto_53@example.com	FEMALE	\N	$2a$10$Z6NUN8KjjfNSm5ujP49IP.FPO48jrA9apJE4TlLs./UEskYtJd2Ui	0900000053	user_account_53	2	\N	\N
57	2025-12-16 02:54:30.376386+00	system_auto_batch2	system_auto_batch2	2025-12-16 02:54:30.376386+00	Địa chỉ tự động số 54	1990-04-19	user_auto_54@example.com	MALE	\N	$2a$10$Z6NUN8KjjfNSm5ujP49IP.FPO48jrA9apJE4TlLs./UEskYtJd2Ui	0900000054	user_account_54	2	\N	\N
58	2025-12-16 02:54:30.376386+00	system_auto_batch2	system_auto_batch2	2025-12-16 02:54:30.376386+00	Địa chỉ tự động số 55	1990-04-21	user_auto_55@example.com	FEMALE	\N	$2a$10$Z6NUN8KjjfNSm5ujP49IP.FPO48jrA9apJE4TlLs./UEskYtJd2Ui	0900000055	user_account_55	2	\N	\N
59	2025-12-16 02:54:30.376386+00	system_auto_batch2	system_auto_batch2	2025-12-16 02:54:30.376386+00	Địa chỉ tự động số 56	1990-04-23	user_auto_56@example.com	MALE	\N	$2a$10$Z6NUN8KjjfNSm5ujP49IP.FPO48jrA9apJE4TlLs./UEskYtJd2Ui	0900000056	user_account_56	2	\N	\N
60	2025-12-16 02:54:30.376386+00	system_auto_batch2	system_auto_batch2	2025-12-16 02:54:30.376386+00	Địa chỉ tự động số 57	1990-04-25	user_auto_57@example.com	FEMALE	\N	$2a$10$Z6NUN8KjjfNSm5ujP49IP.FPO48jrA9apJE4TlLs./UEskYtJd2Ui	0900000057	user_account_57	2	\N	\N
61	2025-12-16 02:54:30.376386+00	system_auto_batch2	system_auto_batch2	2025-12-16 02:54:30.376386+00	Địa chỉ tự động số 58	1990-04-27	user_auto_58@example.com	MALE	\N	$2a$10$Z6NUN8KjjfNSm5ujP49IP.FPO48jrA9apJE4TlLs./UEskYtJd2Ui	0900000058	user_account_58	2	\N	\N
62	2025-12-16 02:54:30.376386+00	system_auto_batch2	system_auto_batch2	2025-12-16 02:54:30.376386+00	Địa chỉ tự động số 59	1990-04-29	user_auto_59@example.com	FEMALE	\N	$2a$10$Z6NUN8KjjfNSm5ujP49IP.FPO48jrA9apJE4TlLs./UEskYtJd2Ui	0900000059	user_account_59	2	\N	\N
63	2025-12-16 02:54:30.376386+00	system_auto_batch2	system_auto_batch2	2025-12-16 02:54:30.376386+00	Địa chỉ tự động số 60	1990-05-01	user_auto_60@example.com	MALE	\N	$2a$10$Z6NUN8KjjfNSm5ujP49IP.FPO48jrA9apJE4TlLs./UEskYtJd2Ui	0900000060	user_account_60	2	\N	\N
64	2025-12-16 02:54:30.376386+00	system_auto_batch2	system_auto_batch2	2025-12-16 02:54:30.376386+00	Địa chỉ tự động số 61	1990-05-03	user_auto_61@example.com	FEMALE	\N	$2a$10$Z6NUN8KjjfNSm5ujP49IP.FPO48jrA9apJE4TlLs./UEskYtJd2Ui	0900000061	user_account_61	2	\N	\N
65	2025-12-16 02:54:30.376386+00	system_auto_batch2	system_auto_batch2	2025-12-16 02:54:30.376386+00	Địa chỉ tự động số 62	1990-05-05	user_auto_62@example.com	MALE	\N	$2a$10$Z6NUN8KjjfNSm5ujP49IP.FPO48jrA9apJE4TlLs./UEskYtJd2Ui	0900000062	user_account_62	2	\N	\N
66	2025-12-16 02:54:30.376386+00	system_auto_batch2	system_auto_batch2	2025-12-16 02:54:30.376386+00	Địa chỉ tự động số 63	1990-05-07	user_auto_63@example.com	FEMALE	\N	$2a$10$Z6NUN8KjjfNSm5ujP49IP.FPO48jrA9apJE4TlLs./UEskYtJd2Ui	0900000063	user_account_63	2	\N	\N
67	2025-12-16 02:54:30.376386+00	system_auto_batch2	system_auto_batch2	2025-12-16 02:54:30.376386+00	Địa chỉ tự động số 64	1990-05-09	user_auto_64@example.com	MALE	\N	$2a$10$Z6NUN8KjjfNSm5ujP49IP.FPO48jrA9apJE4TlLs./UEskYtJd2Ui	0900000064	user_account_64	2	\N	\N
68	2025-12-16 02:54:30.376386+00	system_auto_batch2	system_auto_batch2	2025-12-16 02:54:30.376386+00	Địa chỉ tự động số 65	1990-05-11	user_auto_65@example.com	FEMALE	\N	$2a$10$Z6NUN8KjjfNSm5ujP49IP.FPO48jrA9apJE4TlLs./UEskYtJd2Ui	0900000065	user_account_65	2	\N	\N
69	2025-12-16 02:54:30.376386+00	system_auto_batch2	system_auto_batch2	2025-12-16 02:54:30.376386+00	Địa chỉ tự động số 66	1990-05-13	user_auto_66@example.com	MALE	\N	$2a$10$Z6NUN8KjjfNSm5ujP49IP.FPO48jrA9apJE4TlLs./UEskYtJd2Ui	0900000066	user_account_66	2	\N	\N
70	2025-12-16 02:54:30.376386+00	system_auto_batch2	system_auto_batch2	2025-12-16 02:54:30.376386+00	Địa chỉ tự động số 67	1990-05-15	user_auto_67@example.com	FEMALE	\N	$2a$10$Z6NUN8KjjfNSm5ujP49IP.FPO48jrA9apJE4TlLs./UEskYtJd2Ui	0900000067	user_account_67	2	\N	\N
71	2025-12-16 02:54:30.376386+00	system_auto_batch2	system_auto_batch2	2025-12-16 02:54:30.376386+00	Địa chỉ tự động số 68	1990-05-17	user_auto_68@example.com	MALE	\N	$2a$10$Z6NUN8KjjfNSm5ujP49IP.FPO48jrA9apJE4TlLs./UEskYtJd2Ui	0900000068	user_account_68	2	\N	\N
72	2025-12-16 02:54:30.376386+00	system_auto_batch2	system_auto_batch2	2025-12-16 02:54:30.376386+00	Địa chỉ tự động số 69	1990-05-19	user_auto_69@example.com	FEMALE	\N	$2a$10$Z6NUN8KjjfNSm5ujP49IP.FPO48jrA9apJE4TlLs./UEskYtJd2Ui	0900000069	user_account_69	2	\N	\N
73	2025-12-16 02:54:30.376386+00	system_auto_batch2	system_auto_batch2	2025-12-16 02:54:30.376386+00	Địa chỉ tự động số 70	1990-05-21	user_auto_70@example.com	MALE	\N	$2a$10$Z6NUN8KjjfNSm5ujP49IP.FPO48jrA9apJE4TlLs./UEskYtJd2Ui	0900000070	user_account_70	2	\N	\N
74	2025-12-16 02:54:30.376386+00	system_auto_batch2	system_auto_batch2	2025-12-16 02:54:30.376386+00	Địa chỉ tự động số 71	1990-05-23	user_auto_71@example.com	FEMALE	\N	$2a$10$Z6NUN8KjjfNSm5ujP49IP.FPO48jrA9apJE4TlLs./UEskYtJd2Ui	0900000071	user_account_71	2	\N	\N
75	2025-12-16 02:54:30.376386+00	system_auto_batch2	system_auto_batch2	2025-12-16 02:54:30.376386+00	Địa chỉ tự động số 72	1990-05-25	user_auto_72@example.com	MALE	\N	$2a$10$Z6NUN8KjjfNSm5ujP49IP.FPO48jrA9apJE4TlLs./UEskYtJd2Ui	0900000072	user_account_72	2	\N	\N
76	2025-12-16 02:54:30.376386+00	system_auto_batch2	system_auto_batch2	2025-12-16 02:54:30.376386+00	Địa chỉ tự động số 73	1990-05-27	user_auto_73@example.com	FEMALE	\N	$2a$10$Z6NUN8KjjfNSm5ujP49IP.FPO48jrA9apJE4TlLs./UEskYtJd2Ui	0900000073	user_account_73	2	\N	\N
77	2025-12-16 02:54:30.376386+00	system_auto_batch2	system_auto_batch2	2025-12-16 02:54:30.376386+00	Địa chỉ tự động số 74	1990-05-29	user_auto_74@example.com	MALE	\N	$2a$10$Z6NUN8KjjfNSm5ujP49IP.FPO48jrA9apJE4TlLs./UEskYtJd2Ui	0900000074	user_account_74	2	\N	\N
78	2025-12-16 02:54:30.376386+00	system_auto_batch2	system_auto_batch2	2025-12-16 02:54:30.376386+00	Địa chỉ tự động số 75	1990-05-31	user_auto_75@example.com	FEMALE	\N	$2a$10$Z6NUN8KjjfNSm5ujP49IP.FPO48jrA9apJE4TlLs./UEskYtJd2Ui	0900000075	user_account_75	2	\N	\N
79	2025-12-16 02:54:30.376386+00	system_auto_batch2	system_auto_batch2	2025-12-16 02:54:30.376386+00	Địa chỉ tự động số 76	1990-06-02	user_auto_76@example.com	MALE	\N	$2a$10$Z6NUN8KjjfNSm5ujP49IP.FPO48jrA9apJE4TlLs./UEskYtJd2Ui	0900000076	user_account_76	2	\N	\N
80	2025-12-16 02:54:30.376386+00	system_auto_batch2	system_auto_batch2	2025-12-16 02:54:30.376386+00	Địa chỉ tự động số 77	1990-06-04	user_auto_77@example.com	FEMALE	\N	$2a$10$Z6NUN8KjjfNSm5ujP49IP.FPO48jrA9apJE4TlLs./UEskYtJd2Ui	0900000077	user_account_77	2	\N	\N
81	2025-12-16 02:54:30.376386+00	system_auto_batch2	system_auto_batch2	2025-12-16 02:54:30.376386+00	Địa chỉ tự động số 78	1990-06-06	user_auto_78@example.com	MALE	\N	$2a$10$Z6NUN8KjjfNSm5ujP49IP.FPO48jrA9apJE4TlLs./UEskYtJd2Ui	0900000078	user_account_78	2	\N	\N
82	2025-12-16 02:54:30.376386+00	system_auto_batch2	system_auto_batch2	2025-12-16 02:54:30.376386+00	Địa chỉ tự động số 79	1990-06-08	user_auto_79@example.com	FEMALE	\N	$2a$10$Z6NUN8KjjfNSm5ujP49IP.FPO48jrA9apJE4TlLs./UEskYtJd2Ui	0900000079	user_account_79	2	\N	\N
83	2025-12-16 02:54:30.376386+00	system_auto_batch2	system_auto_batch2	2025-12-16 02:54:30.376386+00	Địa chỉ tự động số 80	1990-06-10	user_auto_80@example.com	MALE	\N	$2a$10$Z6NUN8KjjfNSm5ujP49IP.FPO48jrA9apJE4TlLs./UEskYtJd2Ui	0900000080	user_account_80	2	\N	\N
84	2025-12-16 02:54:30.376386+00	system_auto_batch2	system_auto_batch2	2025-12-16 02:54:30.376386+00	Địa chỉ tự động số 81	1990-06-12	user_auto_81@example.com	FEMALE	\N	$2a$10$Z6NUN8KjjfNSm5ujP49IP.FPO48jrA9apJE4TlLs./UEskYtJd2Ui	0900000081	user_account_81	2	\N	\N
85	2025-12-16 02:54:30.376386+00	system_auto_batch2	system_auto_batch2	2025-12-16 02:54:30.376386+00	Địa chỉ tự động số 82	1990-06-14	user_auto_82@example.com	MALE	\N	$2a$10$Z6NUN8KjjfNSm5ujP49IP.FPO48jrA9apJE4TlLs./UEskYtJd2Ui	0900000082	user_account_82	2	\N	\N
86	2025-12-16 02:54:30.376386+00	system_auto_batch2	system_auto_batch2	2025-12-16 02:54:30.376386+00	Địa chỉ tự động số 83	1990-06-16	user_auto_83@example.com	FEMALE	\N	$2a$10$Z6NUN8KjjfNSm5ujP49IP.FPO48jrA9apJE4TlLs./UEskYtJd2Ui	0900000083	user_account_83	2	\N	\N
87	2025-12-16 02:54:30.376386+00	system_auto_batch2	system_auto_batch2	2025-12-16 02:54:30.376386+00	Địa chỉ tự động số 84	1990-06-18	user_auto_84@example.com	MALE	\N	$2a$10$Z6NUN8KjjfNSm5ujP49IP.FPO48jrA9apJE4TlLs./UEskYtJd2Ui	0900000084	user_account_84	2	\N	\N
88	2025-12-16 02:54:30.376386+00	system_auto_batch2	system_auto_batch2	2025-12-16 02:54:30.376386+00	Địa chỉ tự động số 85	1990-06-20	user_auto_85@example.com	FEMALE	\N	$2a$10$Z6NUN8KjjfNSm5ujP49IP.FPO48jrA9apJE4TlLs./UEskYtJd2Ui	0900000085	user_account_85	2	\N	\N
89	2025-12-16 02:54:30.376386+00	system_auto_batch2	system_auto_batch2	2025-12-16 02:54:30.376386+00	Địa chỉ tự động số 86	1990-06-22	user_auto_86@example.com	MALE	\N	$2a$10$Z6NUN8KjjfNSm5ujP49IP.FPO48jrA9apJE4TlLs./UEskYtJd2Ui	0900000086	user_account_86	2	\N	\N
90	2025-12-16 02:54:30.376386+00	system_auto_batch2	system_auto_batch2	2025-12-16 02:54:30.376386+00	Địa chỉ tự động số 87	1990-06-24	user_auto_87@example.com	FEMALE	\N	$2a$10$Z6NUN8KjjfNSm5ujP49IP.FPO48jrA9apJE4TlLs./UEskYtJd2Ui	0900000087	user_account_87	2	\N	\N
91	2025-12-16 02:54:30.376386+00	system_auto_batch2	system_auto_batch2	2025-12-16 02:54:30.376386+00	Địa chỉ tự động số 88	1990-06-26	user_auto_88@example.com	MALE	\N	$2a$10$Z6NUN8KjjfNSm5ujP49IP.FPO48jrA9apJE4TlLs./UEskYtJd2Ui	0900000088	user_account_88	2	\N	\N
92	2025-12-16 02:54:30.376386+00	system_auto_batch2	system_auto_batch2	2025-12-16 02:54:30.376386+00	Địa chỉ tự động số 89	1990-06-28	user_auto_89@example.com	FEMALE	\N	$2a$10$Z6NUN8KjjfNSm5ujP49IP.FPO48jrA9apJE4TlLs./UEskYtJd2Ui	0900000089	user_account_89	2	\N	\N
93	2025-12-16 02:54:30.376386+00	system_auto_batch2	system_auto_batch2	2025-12-16 02:54:30.376386+00	Địa chỉ tự động số 90	1990-06-30	user_auto_90@example.com	MALE	\N	$2a$10$Z6NUN8KjjfNSm5ujP49IP.FPO48jrA9apJE4TlLs./UEskYtJd2Ui	0900000090	user_account_90	2	\N	\N
94	2025-12-16 02:54:30.376386+00	system_auto_batch2	system_auto_batch2	2025-12-16 02:54:30.376386+00	Địa chỉ tự động số 91	1990-07-02	user_auto_91@example.com	FEMALE	\N	$2a$10$Z6NUN8KjjfNSm5ujP49IP.FPO48jrA9apJE4TlLs./UEskYtJd2Ui	0900000091	user_account_91	2	\N	\N
95	2025-12-16 02:54:30.376386+00	system_auto_batch2	system_auto_batch2	2025-12-16 02:54:30.376386+00	Địa chỉ tự động số 92	1990-07-04	user_auto_92@example.com	MALE	\N	$2a$10$Z6NUN8KjjfNSm5ujP49IP.FPO48jrA9apJE4TlLs./UEskYtJd2Ui	0900000092	user_account_92	2	\N	\N
96	2025-12-16 02:54:30.376386+00	system_auto_batch2	system_auto_batch2	2025-12-16 02:54:30.376386+00	Địa chỉ tự động số 93	1990-07-06	user_auto_93@example.com	FEMALE	\N	$2a$10$Z6NUN8KjjfNSm5ujP49IP.FPO48jrA9apJE4TlLs./UEskYtJd2Ui	0900000093	user_account_93	2	\N	\N
97	2025-12-16 02:54:30.376386+00	system_auto_batch2	system_auto_batch2	2025-12-16 02:54:30.376386+00	Địa chỉ tự động số 94	1990-07-08	user_auto_94@example.com	MALE	\N	$2a$10$Z6NUN8KjjfNSm5ujP49IP.FPO48jrA9apJE4TlLs./UEskYtJd2Ui	0900000094	user_account_94	2	\N	\N
98	2025-12-16 02:54:30.376386+00	system_auto_batch2	system_auto_batch2	2025-12-16 02:54:30.376386+00	Địa chỉ tự động số 95	1990-07-10	user_auto_95@example.com	FEMALE	\N	$2a$10$Z6NUN8KjjfNSm5ujP49IP.FPO48jrA9apJE4TlLs./UEskYtJd2Ui	0900000095	user_account_95	2	\N	\N
99	2025-12-16 02:54:30.376386+00	system_auto_batch2	system_auto_batch2	2025-12-16 02:54:30.376386+00	Địa chỉ tự động số 96	1990-07-12	user_auto_96@example.com	MALE	\N	$2a$10$Z6NUN8KjjfNSm5ujP49IP.FPO48jrA9apJE4TlLs./UEskYtJd2Ui	0900000096	user_account_96	2	\N	\N
100	2025-12-16 02:54:30.376386+00	system_auto_batch2	system_auto_batch2	2025-12-16 02:54:30.376386+00	Địa chỉ tự động số 97	1990-07-14	user_auto_97@example.com	FEMALE	\N	$2a$10$Z6NUN8KjjfNSm5ujP49IP.FPO48jrA9apJE4TlLs./UEskYtJd2Ui	0900000097	user_account_97	2	\N	\N
101	2025-12-16 02:54:30.376386+00	system_auto_batch2	system_auto_batch2	2025-12-16 02:54:30.376386+00	Địa chỉ tự động số 98	1990-07-16	user_auto_98@example.com	MALE	\N	$2a$10$Z6NUN8KjjfNSm5ujP49IP.FPO48jrA9apJE4TlLs./UEskYtJd2Ui	0900000098	user_account_98	2	\N	\N
102	2025-12-16 02:54:30.376386+00	system_auto_batch2	system_auto_batch2	2025-12-16 02:54:30.376386+00	Địa chỉ tự động số 99	1990-07-18	user_auto_99@example.com	FEMALE	\N	$2a$10$Z6NUN8KjjfNSm5ujP49IP.FPO48jrA9apJE4TlLs./UEskYtJd2Ui	0900000099	user_account_99	2	\N	\N
103	2025-12-16 02:54:30.376386+00	system_auto_batch2	system_auto_batch2	2025-12-16 02:54:30.376386+00	Địa chỉ tự động số 100	1990-07-20	user_auto_100@example.com	MALE	\N	$2a$10$Z6NUN8KjjfNSm5ujP49IP.FPO48jrA9apJE4TlLs./UEskYtJd2Ui	0900000100	user_account_100	2	\N	\N
104	2025-12-16 02:54:30.376386+00	system_auto_batch2	system_auto_batch2	2025-12-16 02:54:30.376386+00	Địa chỉ tự động số 101	1990-07-22	user_auto_101@example.com	FEMALE	\N	$2a$10$Z6NUN8KjjfNSm5ujP49IP.FPO48jrA9apJE4TlLs./UEskYtJd2Ui	0900000101	user_account_101	2	\N	\N
105	2025-12-16 02:54:30.376386+00	system_auto_batch2	system_auto_batch2	2025-12-16 02:54:30.376386+00	Địa chỉ tự động số 102	1990-07-24	user_auto_102@example.com	MALE	\N	$2a$10$Z6NUN8KjjfNSm5ujP49IP.FPO48jrA9apJE4TlLs./UEskYtJd2Ui	0900000102	user_account_102	2	\N	\N
106	2025-12-16 02:54:30.376386+00	system_auto_batch2	system_auto_batch2	2025-12-16 02:54:30.376386+00	Địa chỉ tự động số 103	1990-07-26	user_auto_103@example.com	FEMALE	\N	$2a$10$Z6NUN8KjjfNSm5ujP49IP.FPO48jrA9apJE4TlLs./UEskYtJd2Ui	0900000103	user_account_103	2	\N	\N
107	2025-12-16 02:54:30.376386+00	system_auto_batch2	system_auto_batch2	2025-12-16 02:54:30.376386+00	Địa chỉ tự động số 104	1990-07-28	user_auto_104@example.com	MALE	\N	$2a$10$Z6NUN8KjjfNSm5ujP49IP.FPO48jrA9apJE4TlLs./UEskYtJd2Ui	0900000104	user_account_104	2	\N	\N
108	2025-12-16 02:54:30.376386+00	system_auto_batch2	system_auto_batch2	2025-12-16 02:54:30.376386+00	Địa chỉ tự động số 105	1990-07-30	user_auto_105@example.com	FEMALE	\N	$2a$10$Z6NUN8KjjfNSm5ujP49IP.FPO48jrA9apJE4TlLs./UEskYtJd2Ui	0900000105	user_account_105	2	\N	\N
109	2025-12-16 02:54:30.376386+00	system_auto_batch2	system_auto_batch2	2025-12-16 02:54:30.376386+00	Địa chỉ tự động số 106	1990-08-01	user_auto_106@example.com	MALE	\N	$2a$10$Z6NUN8KjjfNSm5ujP49IP.FPO48jrA9apJE4TlLs./UEskYtJd2Ui	0900000106	user_account_106	2	\N	\N
110	2025-12-16 02:54:30.376386+00	system_auto_batch2	system_auto_batch2	2025-12-16 02:54:30.376386+00	Địa chỉ tự động số 107	1990-08-03	user_auto_107@example.com	FEMALE	\N	$2a$10$Z6NUN8KjjfNSm5ujP49IP.FPO48jrA9apJE4TlLs./UEskYtJd2Ui	0900000107	user_account_107	2	\N	\N
111	2025-12-16 02:54:30.376386+00	system_auto_batch2	system_auto_batch2	2025-12-16 02:54:30.376386+00	Địa chỉ tự động số 108	1990-08-05	user_auto_108@example.com	MALE	\N	$2a$10$Z6NUN8KjjfNSm5ujP49IP.FPO48jrA9apJE4TlLs./UEskYtJd2Ui	0900000108	user_account_108	2	\N	\N
112	2025-12-16 02:54:30.376386+00	system_auto_batch2	system_auto_batch2	2025-12-16 02:54:30.376386+00	Địa chỉ tự động số 109	1990-08-07	user_auto_109@example.com	FEMALE	\N	$2a$10$Z6NUN8KjjfNSm5ujP49IP.FPO48jrA9apJE4TlLs./UEskYtJd2Ui	0900000109	user_account_109	2	\N	\N
113	2025-12-16 02:54:30.376386+00	system_auto_batch2	system_auto_batch2	2025-12-16 02:54:30.376386+00	Địa chỉ tự động số 110	1990-08-09	user_auto_110@example.com	MALE	\N	$2a$10$Z6NUN8KjjfNSm5ujP49IP.FPO48jrA9apJE4TlLs./UEskYtJd2Ui	0900000110	user_account_110	2	\N	\N
114	2025-12-16 02:54:30.376386+00	system_auto_batch2	system_auto_batch2	2025-12-16 02:54:30.376386+00	Địa chỉ tự động số 111	1990-08-11	user_auto_111@example.com	FEMALE	\N	$2a$10$Z6NUN8KjjfNSm5ujP49IP.FPO48jrA9apJE4TlLs./UEskYtJd2Ui	0900000111	user_account_111	2	\N	\N
115	2025-12-16 02:54:30.376386+00	system_auto_batch2	system_auto_batch2	2025-12-16 02:54:30.376386+00	Địa chỉ tự động số 112	1990-08-13	user_auto_112@example.com	MALE	\N	$2a$10$Z6NUN8KjjfNSm5ujP49IP.FPO48jrA9apJE4TlLs./UEskYtJd2Ui	0900000112	user_account_112	2	\N	\N
116	2025-12-16 02:54:30.376386+00	system_auto_batch2	system_auto_batch2	2025-12-16 02:54:30.376386+00	Địa chỉ tự động số 113	1990-08-15	user_auto_113@example.com	FEMALE	\N	$2a$10$Z6NUN8KjjfNSm5ujP49IP.FPO48jrA9apJE4TlLs./UEskYtJd2Ui	0900000113	user_account_113	2	\N	\N
117	2025-12-16 02:54:30.376386+00	system_auto_batch2	system_auto_batch2	2025-12-16 02:54:30.376386+00	Địa chỉ tự động số 114	1990-08-17	user_auto_114@example.com	MALE	\N	$2a$10$Z6NUN8KjjfNSm5ujP49IP.FPO48jrA9apJE4TlLs./UEskYtJd2Ui	0900000114	user_account_114	2	\N	\N
118	2025-12-16 02:54:30.376386+00	system_auto_batch2	system_auto_batch2	2025-12-16 02:54:30.376386+00	Địa chỉ tự động số 115	1990-08-19	user_auto_115@example.com	FEMALE	\N	$2a$10$Z6NUN8KjjfNSm5ujP49IP.FPO48jrA9apJE4TlLs./UEskYtJd2Ui	0900000115	user_account_115	2	\N	\N
119	2025-12-16 02:54:30.376386+00	system_auto_batch2	system_auto_batch2	2025-12-16 02:54:30.376386+00	Địa chỉ tự động số 116	1990-08-21	user_auto_116@example.com	MALE	\N	$2a$10$Z6NUN8KjjfNSm5ujP49IP.FPO48jrA9apJE4TlLs./UEskYtJd2Ui	0900000116	user_account_116	2	\N	\N
120	2025-12-16 02:54:30.376386+00	system_auto_batch2	system_auto_batch2	2025-12-16 02:54:30.376386+00	Địa chỉ tự động số 117	1990-08-23	user_auto_117@example.com	FEMALE	\N	$2a$10$Z6NUN8KjjfNSm5ujP49IP.FPO48jrA9apJE4TlLs./UEskYtJd2Ui	0900000117	user_account_117	2	\N	\N
121	2025-12-16 02:54:30.376386+00	system_auto_batch2	system_auto_batch2	2025-12-16 02:54:30.376386+00	Địa chỉ tự động số 118	1990-08-25	user_auto_118@example.com	MALE	\N	$2a$10$Z6NUN8KjjfNSm5ujP49IP.FPO48jrA9apJE4TlLs./UEskYtJd2Ui	0900000118	user_account_118	2	\N	\N
122	2025-12-16 02:54:30.376386+00	system_auto_batch2	system_auto_batch2	2025-12-16 02:54:30.376386+00	Địa chỉ tự động số 119	1990-08-27	user_auto_119@example.com	FEMALE	\N	$2a$10$Z6NUN8KjjfNSm5ujP49IP.FPO48jrA9apJE4TlLs./UEskYtJd2Ui	0900000119	user_account_119	2	\N	\N
123	2025-12-16 02:54:30.376386+00	system_auto_batch2	system_auto_batch2	2025-12-16 02:54:30.376386+00	Địa chỉ tự động số 120	1990-08-29	user_auto_120@example.com	MALE	\N	$2a$10$Z6NUN8KjjfNSm5ujP49IP.FPO48jrA9apJE4TlLs./UEskYtJd2Ui	0900000120	user_account_120	2	\N	\N
124	2025-12-18 16:05:14.657158+00	anonymousUser	anonymousUser	2025-12-18 16:05:14.657158+00	thon 3, xa cat que , hoai duc , Ha noi	2025-12-11	a@gmail.com	MALE	\N	$2a$10$Kywby9DcArikYkSKJzpNZuDntbM3UHOMaRMl5s86ZwAgZsGaujbfC	0989898989	1.Trần An	2	\N	\N
125	2025-12-18 16:10:36.923216+00	anonymousUser	anonymousUser	2025-12-18 16:10:36.923216+00	thon 3, xa cat que , hoai duc , Ha noi	2025-12-13	2121@gmail.com	FEMALE	\N	$2a$10$MBvhjeWDbfV7gzuLPEWs.uFOaQJ9leI347pCnoBZX4WNvTBiojJE.	0989891212	1233213	2	\N	\N
1	2025-12-16 02:50:08.986442+00	ADMIN	admin@gmail.com	2025-12-19 00:01:17.717948+00	Thôn 3 , xã cát quế hoài đức hà nội 	2002-07-01	admin@gmail.com	FEMALE	https://nhom5sbucket.s3.ap-southeast-1.amazonaws.com/avatar/1	$2a$10$3lb20ySK46pnKR8Nl057qeITnxPVmU5DNiWMY.UKjI2K3wEmdkOa2	0123456789	ADMIN	1	\N	\N
\.


--
-- TOC entry 3459 (class 0 OID 0)
-- Dependencies: 217
-- Name: permissions_id_seq; Type: SEQUENCE SET; Schema: public; Owner: postgres
--

SELECT pg_catalog.setval('public.permissions_id_seq', 27, true);


--
-- TOC entry 3460 (class 0 OID 0)
-- Dependencies: 219
-- Name: roles_id_seq; Type: SEQUENCE SET; Schema: public; Owner: postgres
--

SELECT pg_catalog.setval('public.roles_id_seq', 1, false);


--
-- TOC entry 3461 (class 0 OID 0)
-- Dependencies: 222
-- Name: users_id_seq; Type: SEQUENCE SET; Schema: public; Owner: postgres
--

SELECT pg_catalog.setval('public.users_id_seq', 125, true);


--
-- TOC entry 3288 (class 2606 OID 16392)
-- Name: permissions permissions_pkey; Type: CONSTRAINT; Schema: public; Owner: postgres
--

ALTER TABLE ONLY public.permissions
    ADD CONSTRAINT permissions_pkey PRIMARY KEY (id);


--
-- TOC entry 3294 (class 2606 OID 16405)
-- Name: roles_permissions roles_permissions_pkey; Type: CONSTRAINT; Schema: public; Owner: postgres
--

ALTER TABLE ONLY public.roles_permissions
    ADD CONSTRAINT roles_permissions_pkey PRIMARY KEY (role_id, permission_id);


--
-- TOC entry 3290 (class 2606 OID 16400)
-- Name: roles roles_pkey; Type: CONSTRAINT; Schema: public; Owner: postgres
--

ALTER TABLE ONLY public.roles
    ADD CONSTRAINT roles_pkey PRIMARY KEY (id);


--
-- TOC entry 3296 (class 2606 OID 16418)
-- Name: users uk6dotkott2kjsp8vw4d0m25fb7; Type: CONSTRAINT; Schema: public; Owner: postgres
--

ALTER TABLE ONLY public.users
    ADD CONSTRAINT uk6dotkott2kjsp8vw4d0m25fb7 UNIQUE (email);


--
-- TOC entry 3292 (class 2606 OID 16416)
-- Name: roles uk716hgxp60ym1lifrdgp67xt5k; Type: CONSTRAINT; Schema: public; Owner: postgres
--

ALTER TABLE ONLY public.roles
    ADD CONSTRAINT uk716hgxp60ym1lifrdgp67xt5k UNIQUE (role_name);


--
-- TOC entry 3298 (class 2606 OID 16414)
-- Name: users users_pkey; Type: CONSTRAINT; Schema: public; Owner: postgres
--

ALTER TABLE ONLY public.users
    ADD CONSTRAINT users_pkey PRIMARY KEY (id);


--
-- TOC entry 3299 (class 2606 OID 16419)
-- Name: roles_permissions fkbx9r9uw77p58gsq4mus0mec0o; Type: FK CONSTRAINT; Schema: public; Owner: postgres
--

ALTER TABLE ONLY public.roles_permissions
    ADD CONSTRAINT fkbx9r9uw77p58gsq4mus0mec0o FOREIGN KEY (permission_id) REFERENCES public.permissions(id);


--
-- TOC entry 3301 (class 2606 OID 16429)
-- Name: users fkp56c1712k691lhsyewcssf40f; Type: FK CONSTRAINT; Schema: public; Owner: postgres
--

ALTER TABLE ONLY public.users
    ADD CONSTRAINT fkp56c1712k691lhsyewcssf40f FOREIGN KEY (role_id) REFERENCES public.roles(id);


--
-- TOC entry 3300 (class 2606 OID 16424)
-- Name: roles_permissions fkqi9odri6c1o81vjox54eedwyh; Type: FK CONSTRAINT; Schema: public; Owner: postgres
--

ALTER TABLE ONLY public.roles_permissions
    ADD CONSTRAINT fkqi9odri6c1o81vjox54eedwyh FOREIGN KEY (role_id) REFERENCES public.roles(id);


-- Completed on 2025-12-20 10:16:23

--
-- PostgreSQL database dump complete
--

\unrestrict VJIDfGd2KZ6UcA9a2hJR4fBRAG1vbxgwoK5ei40Vta2Ka3urTPXlN86tV7aHp6C

