--
-- PostgreSQL database dump
--

\restrict c7uLfza7G1uFh12RQ749b7nwQbX8ZGJht2h8OaPgN7SjibIfoB5b3YdfkPwvfqH

-- Dumped from database version 17.7
-- Dumped by pg_dump version 18.1

-- Started on 2025-12-20 10:17:06

SET statement_timeout = 0;
SET lock_timeout = 0;
SET idle_in_transaction_session_timeout = 0;
SET transaction_timeout = 0;
SET client_encoding = 'UTF8';
SET standard_conforming_strings = on;
SELECT pg_catalog.set_config('search_path', '', false);
SET check_function_bodies = false;
SET xmloption = content;
SET client_min_messages = warning;
SET row_security = off;

SET default_tablespace = '';

SET default_table_access_method = heap;

--
-- TOC entry 218 (class 1259 OID 16386)
-- Name: categories; Type: TABLE; Schema: public; Owner: postgres
--

CREATE TABLE public.categories (
    id bigint NOT NULL,
    created_at timestamp(6) with time zone,
    created_by character varying(255),
    modified_by character varying(255),
    updated_at timestamp(6) with time zone,
    description text,
    name character varying(255) NOT NULL
);


ALTER TABLE public.categories OWNER TO postgres;

--
-- TOC entry 217 (class 1259 OID 16385)
-- Name: categories_id_seq; Type: SEQUENCE; Schema: public; Owner: postgres
--

ALTER TABLE public.categories ALTER COLUMN id ADD GENERATED BY DEFAULT AS IDENTITY (
    SEQUENCE NAME public.categories_id_seq
    START WITH 1
    INCREMENT BY 1
    NO MINVALUE
    NO MAXVALUE
    CACHE 1
);


--
-- TOC entry 219 (class 1259 OID 16393)
-- Name: product_categories; Type: TABLE; Schema: public; Owner: postgres
--

CREATE TABLE public.product_categories (
    product_id bigint NOT NULL,
    category_id bigint NOT NULL
);


ALTER TABLE public.product_categories OWNER TO postgres;

--
-- TOC entry 220 (class 1259 OID 16398)
-- Name: product_images; Type: TABLE; Schema: public; Owner: postgres
--

CREATE TABLE public.product_images (
    product_id bigint NOT NULL,
    image_url character varying(1024)
);


ALTER TABLE public.product_images OWNER TO postgres;

--
-- TOC entry 222 (class 1259 OID 16404)
-- Name: products; Type: TABLE; Schema: public; Owner: postgres
--

CREATE TABLE public.products (
    id bigint NOT NULL,
    created_at timestamp(6) with time zone,
    created_by character varying(255),
    modified_by character varying(255),
    updated_at timestamp(6) with time zone,
    average_rating double precision,
    description text,
    discount_price numeric(15,2),
    name character varying(255) NOT NULL,
    price numeric(15,2) NOT NULL,
    review_count bigint,
    thumbnail character varying(1024)
);


ALTER TABLE public.products OWNER TO postgres;

--
-- TOC entry 221 (class 1259 OID 16403)
-- Name: products_id_seq; Type: SEQUENCE; Schema: public; Owner: postgres
--

ALTER TABLE public.products ALTER COLUMN id ADD GENERATED BY DEFAULT AS IDENTITY (
    SEQUENCE NAME public.products_id_seq
    START WITH 1
    INCREMENT BY 1
    NO MINVALUE
    NO MAXVALUE
    CACHE 1
);


--
-- TOC entry 224 (class 1259 OID 16412)
-- Name: reviews; Type: TABLE; Schema: public; Owner: postgres
--

CREATE TABLE public.reviews (
    id bigint NOT NULL,
    created_at timestamp(6) with time zone,
    created_by character varying(255),
    modified_by character varying(255),
    updated_at timestamp(6) with time zone,
    comment text,
    rating integer NOT NULL,
    user_email character varying(255) NOT NULL,
    product_id bigint NOT NULL
);


ALTER TABLE public.reviews OWNER TO postgres;

--
-- TOC entry 223 (class 1259 OID 16411)
-- Name: reviews_id_seq; Type: SEQUENCE; Schema: public; Owner: postgres
--

ALTER TABLE public.reviews ALTER COLUMN id ADD GENERATED BY DEFAULT AS IDENTITY (
    SEQUENCE NAME public.reviews_id_seq
    START WITH 1
    INCREMENT BY 1
    NO MINVALUE
    NO MAXVALUE
    CACHE 1
);


--
-- TOC entry 3447 (class 0 OID 16386)
-- Dependencies: 218
-- Data for Name: categories; Type: TABLE DATA; Schema: public; Owner: postgres
--

COPY public.categories (id, created_at, created_by, modified_by, updated_at, description, name) FROM stdin;
1	2025-12-16 03:26:14.506666+00	admin	admin	2025-12-16 03:26:14.506666+00	Các dòng Laptop văn phòng, Gaming, MacBook và máy bộ PC.	Laptop & Máy Vi Tính
2	2025-12-16 03:26:14.506666+00	admin	admin	2025-12-16 03:26:14.506666+00	Smartphone, iPad, Tablet Android và các phụ kiện di động.	Điện thoại & Máy tính bảng
3	2025-12-16 03:26:14.506666+00	admin	admin	2025-12-16 03:26:14.506666+00	Tai nghe, Loa Bluetooth, Chuột, Bàn phím, Pin dự phòng.	Âm thanh & Phụ kiện số
4	2025-12-16 03:26:14.506666+00	admin	admin	2025-12-16 03:26:14.506666+00	Camera, Flycam, GoPro và thiết bị quay chụp chuyên nghiệp.	Máy ảnh & Quay phim
5	2025-12-16 03:26:14.506666+00	admin	admin	2025-12-16 03:26:14.506666+00	Máy chơi game PS5, Switch, Ghế Gaming và tay cầm chơi game.	Gaming & Console
6	2025-12-16 03:26:14.506666+00	admin	admin	2025-12-16 03:26:14.506666+00	RAM, Ổ cứng SSD, VGA, Mainboard, Case PC.	Linh kiện máy tính
7	2025-12-16 03:26:14.506666+00	admin	admin	2025-12-16 03:26:14.506666+00	Quần áo nam nữ, Kính mắt, Đồng hồ, Túi xách, Balo.	Thời trang & Phụ kiện
8	2025-12-16 03:26:14.506666+00	admin	admin	2025-12-16 03:26:14.506666+00	Giày Sneaker, Giày tây, Giày cao gót, Sandal.	Giày dép
9	2025-12-16 03:26:14.506666+00	admin	admin	2025-12-16 03:26:14.506666+00	Nội thất, Chăn ga gối, Dụng cụ nhà bếp, Đèn trang trí.	Nhà cửa & Đời sống
10	2025-12-16 03:26:14.506666+00	admin	admin	2025-12-16 03:26:14.506666+00	Mỹ phẩm, Nước hoa, Thực phẩm chức năng, Chăm sóc cá nhân.	Sức khỏe & Làm đẹp
11	2025-12-16 03:26:14.506666+00	admin	admin	2025-12-16 03:26:14.506666+00	Sách kỹ năng, Truyện, Dụng cụ học tập, Quà lưu niệm.	Sách & Văn phòng phẩm
12	2025-12-16 03:26:14.506666+00	admin	admin	2025-12-16 03:26:14.506666+00	Thực phẩm khô, Đồ uống, Gia vị, Bánh kẹo nhập khẩu.	Bách hóa Online
13	2025-12-16 03:28:20.311521+00	admin	admin	2025-12-16 03:28:20.311521+00	Tã bỉm, Sữa công thức, Đồ chơi an toàn, Quần áo trẻ sơ sinh.	Mẹ & Bé
14	2025-12-16 03:28:20.311521+00	admin	admin	2025-12-16 03:28:20.311521+00	Dụng cụ tập Gym, Yoga, Lều trại, Đồ bơi, Giày chạy bộ.	Thể Thao & Dã Ngoại
15	2025-12-16 03:28:20.311521+00	admin	admin	2025-12-16 03:28:20.311521+00	Mũ bảo hiểm, Phụ kiện chăm sóc xe, Găng tay phượt, Nhớt xe.	Ô tô & Xe máy & Xe đạp
16	2025-12-16 03:28:20.311521+00	admin	admin	2025-12-16 03:28:20.311521+00	Thức ăn cho chó mèo, Cát vệ sinh, Chuồng, Đồ chơi thú cưng.	Chăm sóc Thú Cưng
17	2025-12-16 03:28:20.311521+00	admin	admin	2025-12-16 03:28:20.311521+00	Đồng hồ thông minh, Đồng hồ cơ, Nhẫn, Dây chuyền, Bông tai.	Đồng hồ & Trang sức
18	2025-12-16 03:28:20.311521+00	admin	admin	2025-12-16 03:28:20.311521+00	Mô hình Gundam, Boardgame, Lego, Đồ chơi lắp ráp.	Đồ chơi & Mô hình (Hobby)
19	2025-12-16 03:28:20.311521+00	admin	admin	2025-12-16 03:28:20.311521+00	Vali kéo, Túi du lịch, Balo phượt chuyên dụng.	Túi ví & Vali du lịch
20	2025-12-16 03:28:20.311521+00	admin	admin	2025-12-16 03:28:20.311521+00	Tủ lạnh, Máy giặt, Điều hòa, Máy nước nóng (Tách riêng khỏi đồ gia dụng nhỏ).	Điện Gia Dụng Lớn
21	2025-12-16 03:28:20.311521+00	admin	admin	2025-12-16 03:28:20.311521+00	Thẻ cào điện thoại, Voucher ăn uống, Vé xem phim, Tour du lịch.	Voucher & Dịch vụ
22	2025-12-16 03:28:20.311521+00	admin	admin	2025-12-16 03:28:20.311521+00	Máy khoan, Bộ sửa chữa đa năng, Ổ cắm điện, Đèn pin.	Dụng cụ & Thiết bị tiện ích
23	2025-12-16 03:29:06.132116+00	admin	admin	2025-12-16 03:29:06.132116+00	Guitar, Piano, Ukulele, Organ, Kèn sáo và phụ kiện âm nhạc.	Nhạc cụ & Thiết bị âm thanh
24	2025-12-16 03:29:06.132116+00	admin	admin	2025-12-16 03:29:06.132116+00	Vật phẩm phong thủy, Tượng phật, Nhang đèn, Đồ thờ cúng.	Phong thủy & Thờ cúng
25	2025-12-16 03:29:06.132116+00	admin	admin	2025-12-16 03:29:06.132116+00	Cây để bàn, Hoa tươi bó sẵn, Hạt giống, Phân bón, Chậu cây.	Hoa tươi & Cây cảnh
26	2025-12-16 03:29:06.132116+00	admin	admin	2025-12-16 03:29:06.132116+00	Thịt, Cá, Trứng, Rau củ quả tươi, Trái cây nhập khẩu (Giao nhanh).	Thực phẩm Tươi sống
27	2025-12-16 03:29:06.132116+00	admin	admin	2025-12-16 03:29:06.132116+00	Bia, Rượu vang, Rượu mạnh, Rượu Soju (Yêu cầu trên 18 tuổi).	Đồ uống có cồn
28	2025-12-16 03:29:06.132116+00	admin	admin	2025-12-16 03:29:06.132116+00	Khuôn bánh, Nguyên liệu làm bánh, Máy đánh trứng, Cân tiểu ly.	Đồ làm bánh & Nấu ăn
29	2025-12-16 03:29:06.132116+00	admin	admin	2025-12-16 03:29:06.132116+00	Máy in, Máy chiếu, Máy chấm công, Máy hủy tài liệu, Mực in.	Thiết bị Văn phòng
30	2025-12-16 03:29:06.132116+00	admin	admin	2025-12-16 03:29:06.132116+00	Đồ bảo hộ lao động, Thiết bị đo lường, Máy hàn, Vật tư cơ khí.	Sản phẩm Công nghiệp
32	2025-12-16 03:29:06.132116+00	admin	admin	2025-12-16 03:29:06.132116+00	Bảo hiểm xe máy, Bảo hiểm sức khỏe, Thẻ thanh toán quốc tế.	Bảo hiểm & Tài chính
\.


--
-- TOC entry 3448 (class 0 OID 16393)
-- Dependencies: 219
-- Data for Name: product_categories; Type: TABLE DATA; Schema: public; Owner: postgres
--

COPY public.product_categories (product_id, category_id) FROM stdin;
1	1
2	1
3	1
5	1
19	1
35	1
89	1
6	2
9	2
21	2
22	2
23	2
24	2
2	5
17	5
30	5
32	5
33	5
44	7
46	7
49	7
51	7
55	7
56	7
41	8
42	8
43	8
47	8
14	17
80	17
48	19
52	19
59	19
89	19
41	14
42	14
75	14
76	11
81	11
82	11
83	11
84	11
85	11
87	11
92	11
93	11
95	11
98	11
99	11
64	12
104	12
121	12
131	12
132	12
133	12
136	12
15	3
20	3
36	3
81	3
41	7
42	7
43	7
48	7
52	7
89	7
14	2
32	9
1	18
16	19
16	2
27	3
27	15
2	14
10	1
18	1
11	2
137	2
139	5
140	1
28	6
40	1
58	2
94	7
192	29
42	29
44	29
46	29
47	29
48	29
51	29
52	29
49	29
41	29
40	29
55	29
56	29
59	29
60	29
64	29
65	29
69	29
75	29
76	29
77	29
78	29
79	29
80	29
81	29
58	29
82	29
83	29
84	29
85	29
86	29
87	29
89	29
92	29
93	29
95	29
96	29
97	29
98	29
99	29
100	29
101	29
102	29
104	29
105	29
108	29
94	29
113	29
114	29
117	29
119	29
121	29
122	29
124	29
127	29
129	29
131	29
132	29
133	29
136	29
137	29
139	29
140	29
43	29
142	29
143	29
144	29
145	29
146	29
147	29
148	29
149	29
150	29
151	29
152	29
153	29
154	29
155	29
156	29
157	29
158	29
159	29
160	29
161	29
162	29
163	29
164	29
165	29
166	29
167	29
168	29
169	29
170	29
171	29
172	29
173	29
174	29
175	29
176	29
177	29
178	29
179	29
180	29
181	29
182	29
183	29
184	29
185	29
186	29
187	29
188	29
193	29
194	29
195	29
196	29
197	29
198	29
199	29
200	29
201	29
202	29
203	29
204	29
205	29
206	29
207	29
208	29
209	29
210	29
211	29
212	29
213	29
214	29
215	29
216	29
217	29
218	29
219	29
220	29
221	29
222	29
223	29
224	29
225	29
226	29
227	29
228	29
229	29
230	29
231	29
232	29
233	29
234	29
235	29
236	29
237	29
238	29
239	29
240	29
241	29
242	22
242	10
12	2
\.


--
-- TOC entry 3449 (class 0 OID 16398)
-- Dependencies: 220
-- Data for Name: product_images; Type: TABLE DATA; Schema: public; Owner: postgres
--

COPY public.product_images (product_id, image_url) FROM stdin;
23	https://images.unsplash.com/photo-1557821552-17105176677c?auto=format&fit=crop&w=800&q=80
23	https://images.unsplash.com/photo-1587033411391-5d9e51cce126?auto=format&fit=crop&w=800&q=80
23	https://images.unsplash.com/photo-1544244015-0df4b3ffc6b0?auto=format&fit=crop&w=800&q=80
15	https://images.unsplash.com/photo-1557821552-17105176677c?auto=format&fit=crop&w=800&q=80
89	https://images.unsplash.com/photo-1517336714731-489689fd1ca4?auto=format&fit=crop&w=800&q=80
15	https://images.unsplash.com/photo-1608043152269-423dbba4e7e1?auto=format&fit=crop&w=800&q=80
15	https://images.unsplash.com/photo-1589256469067-ea99122bbdc4?auto=format&fit=crop&w=800&q=80
89	https://images.unsplash.com/photo-1587614382346-4ec70e388b28?auto=format&fit=crop&w=800&q=80
89	https://images.unsplash.com/photo-1531297420497-27534f97463f?auto=format&fit=crop&w=800&q=80
18	https://images.unsplash.com/photo-1511707171634-5f897ff02aa9?auto=format&fit=crop&w=800&q=80
22	https://images.unsplash.com/photo-1511707171634-5f897ff02aa9?auto=format&fit=crop&w=800&q=80
18	https://images.unsplash.com/photo-1592899677977-9c10ca588bbd?auto=format&fit=crop&w=800&q=80
22	https://images.unsplash.com/photo-1592899677977-9c10ca588bbd?auto=format&fit=crop&w=800&q=80
18	https://images.unsplash.com/photo-1555774698-0b77e0d5fac6?auto=format&fit=crop&w=800&q=80
22	https://images.unsplash.com/photo-1555774698-0b77e0d5fac6?auto=format&fit=crop&w=800&q=80
42	https://images.unsplash.com/photo-1542291026-7eec264c27ff?auto=format&fit=crop&w=800&q=80
43	https://images.unsplash.com/photo-1542291026-7eec264c27ff?auto=format&fit=crop&w=800&q=80
47	https://images.unsplash.com/photo-1542291026-7eec264c27ff?auto=format&fit=crop&w=800&q=80
42	https://images.unsplash.com/photo-1607522370275-f14206abe5d3?auto=format&fit=crop&w=800&q=80
43	https://images.unsplash.com/photo-1607522370275-f14206abe5d3?auto=format&fit=crop&w=800&q=80
47	https://images.unsplash.com/photo-1607522370275-f14206abe5d3?auto=format&fit=crop&w=800&q=80
42	https://images.unsplash.com/photo-1595950653106-6c9ebd614d3a?auto=format&fit=crop&w=800&q=80
43	https://images.unsplash.com/photo-1595950653106-6c9ebd614d3a?auto=format&fit=crop&w=800&q=80
47	https://images.unsplash.com/photo-1595950653106-6c9ebd614d3a?auto=format&fit=crop&w=800&q=80
28	https://images.unsplash.com/photo-1557821552-17105176677c?auto=format&fit=crop&w=800&q=80
1	https://images.unsplash.com/photo-1587614382346-4ec70e388b28?auto=format&fit=crop&w=800&q=80
44	https://images.unsplash.com/photo-1523381210434-271e8be1f52b?auto=format&fit=crop&w=800&q=80
28	https://images.unsplash.com/photo-1473968512647-3e447244af8f?auto=format&fit=crop&w=800&q=80
46	https://images.unsplash.com/photo-1523381210434-271e8be1f52b?auto=format&fit=crop&w=800&q=80
51	https://images.unsplash.com/photo-1523381210434-271e8be1f52b?auto=format&fit=crop&w=800&q=80
56	https://images.unsplash.com/photo-1523381210434-271e8be1f52b?auto=format&fit=crop&w=800&q=80
60	https://images.unsplash.com/photo-1523381210434-271e8be1f52b?auto=format&fit=crop&w=800&q=80
44	https://images.unsplash.com/photo-1489987707025-afc232f7ea0f?auto=format&fit=crop&w=800&q=80
28	https://images.unsplash.com/photo-1506947411487-a56738267384?auto=format&fit=crop&w=800&q=80
46	https://images.unsplash.com/photo-1489987707025-afc232f7ea0f?auto=format&fit=crop&w=800&q=80
51	https://images.unsplash.com/photo-1489987707025-afc232f7ea0f?auto=format&fit=crop&w=800&q=80
56	https://images.unsplash.com/photo-1489987707025-afc232f7ea0f?auto=format&fit=crop&w=800&q=80
60	https://images.unsplash.com/photo-1489987707025-afc232f7ea0f?auto=format&fit=crop&w=800&q=80
44	https://images.unsplash.com/photo-1515886657613-9f3515b0c78f?auto=format&fit=crop&w=800&q=80
28	https://images.unsplash.com/photo-1579829366248-204fe8413f31?auto=format&fit=crop&w=800&q=80
46	https://images.unsplash.com/photo-1515886657613-9f3515b0c78f?auto=format&fit=crop&w=800&q=80
51	https://images.unsplash.com/photo-1515886657613-9f3515b0c78f?auto=format&fit=crop&w=800&q=80
56	https://images.unsplash.com/photo-1515886657613-9f3515b0c78f?auto=format&fit=crop&w=800&q=80
60	https://images.unsplash.com/photo-1515886657613-9f3515b0c78f?auto=format&fit=crop&w=800&q=80
80	https://images.unsplash.com/photo-1522312346375-d1a52e2b99b3?auto=format&fit=crop&w=800&q=80
80	https://images.unsplash.com/photo-1524592094714-db106fa6e200?auto=format&fit=crop&w=800&q=80
76	https://images.unsplash.com/photo-1544947950-fa07a98d237f?auto=format&fit=crop&w=800&q=80
81	https://images.unsplash.com/photo-1544947950-fa07a98d237f?auto=format&fit=crop&w=800&q=80
82	https://images.unsplash.com/photo-1544947950-fa07a98d237f?auto=format&fit=crop&w=800&q=80
83	https://images.unsplash.com/photo-1544947950-fa07a98d237f?auto=format&fit=crop&w=800&q=80
87	https://images.unsplash.com/photo-1544947950-fa07a98d237f?auto=format&fit=crop&w=800&q=80
1	https://images.unsplash.com/photo-1611186871348-b1ce696e52c9?auto=format&fit=crop&w=800&q=80
92	https://images.unsplash.com/photo-1544947950-fa07a98d237f?auto=format&fit=crop&w=800&q=80
95	https://images.unsplash.com/photo-1544947950-fa07a98d237f?auto=format&fit=crop&w=800&q=80
98	https://images.unsplash.com/photo-1544947950-fa07a98d237f?auto=format&fit=crop&w=800&q=80
76	https://images.unsplash.com/photo-1589829085413-56de8ae18c73?auto=format&fit=crop&w=800&q=80
81	https://images.unsplash.com/photo-1589829085413-56de8ae18c73?auto=format&fit=crop&w=800&q=80
82	https://images.unsplash.com/photo-1589829085413-56de8ae18c73?auto=format&fit=crop&w=800&q=80
83	https://images.unsplash.com/photo-1589829085413-56de8ae18c73?auto=format&fit=crop&w=800&q=80
87	https://images.unsplash.com/photo-1589829085413-56de8ae18c73?auto=format&fit=crop&w=800&q=80
19	https://images.unsplash.com/photo-1587614382346-4ec70e388b28?auto=format&fit=crop&w=800&q=80
92	https://images.unsplash.com/photo-1589829085413-56de8ae18c73?auto=format&fit=crop&w=800&q=80
95	https://images.unsplash.com/photo-1589829085413-56de8ae18c73?auto=format&fit=crop&w=800&q=80
98	https://images.unsplash.com/photo-1589829085413-56de8ae18c73?auto=format&fit=crop&w=800&q=80
104	https://images.unsplash.com/photo-1506368249639-73a05d6f6488?auto=format&fit=crop&w=800&q=80
19	https://images.unsplash.com/photo-1562976540-1502c2145186?auto=format&fit=crop&w=800&q=80
19	https://images.unsplash.com/photo-1591799264318-7e6ef8ddb7ea?auto=format&fit=crop&w=800&q=80
131	https://images.unsplash.com/photo-1506368249639-73a05d6f6488?auto=format&fit=crop&w=800&q=80
133	https://images.unsplash.com/photo-1506368249639-73a05d6f6488?auto=format&fit=crop&w=800&q=80
94	https://images.unsplash.com/photo-1557821552-17105176677c?auto=format&fit=crop&w=800&q=80
136	https://images.unsplash.com/photo-1506368249639-73a05d6f6488?auto=format&fit=crop&w=800&q=80
104	https://images.unsplash.com/photo-1621939514649-28b12e816751?auto=format&fit=crop&w=800&q=80
14	https://images.unsplash.com/photo-1522312346375-d1a52e2b99b3?auto=format&fit=crop&w=800&q=80
14	https://images.unsplash.com/photo-1546868871-7041f2a55e12?auto=format&fit=crop&w=800&q=80
131	https://images.unsplash.com/photo-1621939514649-28b12e816751?auto=format&fit=crop&w=800&q=80
133	https://images.unsplash.com/photo-1621939514649-28b12e816751?auto=format&fit=crop&w=800&q=80
94	https://images.unsplash.com/photo-1497215728101-856f4ea42174?auto=format&fit=crop&w=800&q=80
14	https://images.unsplash.com/photo-1517502474097-f9b30659dadb?auto=format&fit=crop&w=800&q=80
58	https://images.unsplash.com/photo-1557821552-17105176677c?auto=format&fit=crop&w=800&q=80
136	https://images.unsplash.com/photo-1621939514649-28b12e816751?auto=format&fit=crop&w=800&q=80
11	https://images.unsplash.com/photo-1557821552-17105176677c?auto=format&fit=crop&w=800&q=80
6	https://images.unsplash.com/photo-1511707171634-5f897ff02aa9?auto=format&fit=crop&w=800&q=80
58	https://images.unsplash.com/photo-1624222247344-550fb60583dc?auto=format&fit=crop&w=800&q=80
6	https://images.unsplash.com/photo-1592899677977-9c10ca588bbd?auto=format&fit=crop&w=800&q=80
17	https://images.unsplash.com/photo-1557821552-17105176677c?auto=format&fit=crop&w=800&q=80
6	https://images.unsplash.com/photo-1555774698-0b77e0d5fac6?auto=format&fit=crop&w=800&q=80
21	https://images.unsplash.com/photo-1557821552-17105176677c?auto=format&fit=crop&w=800&q=80
25	https://images.unsplash.com/photo-1557821552-17105176677c?auto=format&fit=crop&w=800&q=80
6	https://images.unsplash.com/photo-1696446701796-da61225697cc?auto=format&fit=crop&w=800&q=80
27	https://images.unsplash.com/photo-1557821552-17105176677c?auto=format&fit=crop&w=800&q=80
6	https://images.unsplash.com/photo-1510557880182-3d4d3cba35a5?auto=format&fit=crop&w=800&q=80
32	https://images.unsplash.com/photo-1557821552-17105176677c?auto=format&fit=crop&w=800&q=80
36	https://images.unsplash.com/photo-1557821552-17105176677c?auto=format&fit=crop&w=800&q=80
49	https://images.unsplash.com/photo-1557821552-17105176677c?auto=format&fit=crop&w=800&q=80
33	https://images.unsplash.com/photo-1557821552-17105176677c?auto=format&fit=crop&w=800&q=80
55	https://images.unsplash.com/photo-1557821552-17105176677c?auto=format&fit=crop&w=800&q=80
33	https://images.unsplash.com/photo-1591488320449-011701bb6704?auto=format&fit=crop&w=800&q=80
59	https://images.unsplash.com/photo-1557821552-17105176677c?auto=format&fit=crop&w=800&q=80
33	https://images.unsplash.com/photo-1587202372775-e229f172b9d7?auto=format&fit=crop&w=800&q=80
64	https://images.unsplash.com/photo-1557821552-17105176677c?auto=format&fit=crop&w=800&q=80
65	https://images.unsplash.com/photo-1557821552-17105176677c?auto=format&fit=crop&w=800&q=80
69	https://images.unsplash.com/photo-1557821552-17105176677c?auto=format&fit=crop&w=800&q=80
75	https://images.unsplash.com/photo-1557821552-17105176677c?auto=format&fit=crop&w=800&q=80
77	https://images.unsplash.com/photo-1557821552-17105176677c?auto=format&fit=crop&w=800&q=80
78	https://images.unsplash.com/photo-1557821552-17105176677c?auto=format&fit=crop&w=800&q=80
79	https://images.unsplash.com/photo-1557821552-17105176677c?auto=format&fit=crop&w=800&q=80
84	https://images.unsplash.com/photo-1557821552-17105176677c?auto=format&fit=crop&w=800&q=80
85	https://images.unsplash.com/photo-1557821552-17105176677c?auto=format&fit=crop&w=800&q=80
86	https://images.unsplash.com/photo-1557821552-17105176677c?auto=format&fit=crop&w=800&q=80
93	https://images.unsplash.com/photo-1557821552-17105176677c?auto=format&fit=crop&w=800&q=80
96	https://images.unsplash.com/photo-1557821552-17105176677c?auto=format&fit=crop&w=800&q=80
97	https://images.unsplash.com/photo-1557821552-17105176677c?auto=format&fit=crop&w=800&q=80
99	https://images.unsplash.com/photo-1557821552-17105176677c?auto=format&fit=crop&w=800&q=80
100	https://images.unsplash.com/photo-1557821552-17105176677c?auto=format&fit=crop&w=800&q=80
101	https://images.unsplash.com/photo-1557821552-17105176677c?auto=format&fit=crop&w=800&q=80
102	https://images.unsplash.com/photo-1557821552-17105176677c?auto=format&fit=crop&w=800&q=80
9	https://images.unsplash.com/photo-1511707171634-5f897ff02aa9?auto=format&fit=crop&w=800&q=80
105	https://images.unsplash.com/photo-1557821552-17105176677c?auto=format&fit=crop&w=800&q=80
9	https://images.unsplash.com/photo-1592899677977-9c10ca588bbd?auto=format&fit=crop&w=800&q=80
9	https://images.unsplash.com/photo-1555774698-0b77e0d5fac6?auto=format&fit=crop&w=800&q=80
108	https://images.unsplash.com/photo-1557821552-17105176677c?auto=format&fit=crop&w=800&q=80
9	https://images.unsplash.com/photo-1583573636246-18cb2246697f?auto=format&fit=crop&w=800&q=80
9	https://images.unsplash.com/photo-1616348436168-de43ad0db179?auto=format&fit=crop&w=800&q=80
192	https://nhom5sbucket.s3.ap-southeast-1.amazonaws.com/products/images/756ff875-ac31-44e8-8706-19719f76bdec-tkb.png
113	https://images.unsplash.com/photo-1557821552-17105176677c?auto=format&fit=crop&w=800&q=80
114	https://images.unsplash.com/photo-1557821552-17105176677c?auto=format&fit=crop&w=800&q=80
117	https://images.unsplash.com/photo-1557821552-17105176677c?auto=format&fit=crop&w=800&q=80
119	https://images.unsplash.com/photo-1557821552-17105176677c?auto=format&fit=crop&w=800&q=80
121	https://images.unsplash.com/photo-1557821552-17105176677c?auto=format&fit=crop&w=800&q=80
122	https://images.unsplash.com/photo-1557821552-17105176677c?auto=format&fit=crop&w=800&q=80
124	https://images.unsplash.com/photo-1557821552-17105176677c?auto=format&fit=crop&w=800&q=80
127	https://images.unsplash.com/photo-1557821552-17105176677c?auto=format&fit=crop&w=800&q=80
242	https://nhom5sbucket.s3.ap-southeast-1.amazonaws.com/products/images/67d58bbe-9758-447b-b076-711024819ac3-566577813_25120902510877464_2209807089703735469_n.jpg
129	https://images.unsplash.com/photo-1557821552-17105176677c?auto=format&fit=crop&w=800&q=80
132	https://images.unsplash.com/photo-1557821552-17105176677c?auto=format&fit=crop&w=800&q=80
137	https://images.unsplash.com/photo-1557821552-17105176677c?auto=format&fit=crop&w=800&q=80
139	https://images.unsplash.com/photo-1557821552-17105176677c?auto=format&fit=crop&w=800&q=80
140	https://images.unsplash.com/photo-1557821552-17105176677c?auto=format&fit=crop&w=800&q=80
16	https://images.unsplash.com/photo-1557821552-17105176677c?auto=format&fit=crop&w=800&q=80
16	https://images.unsplash.com/photo-1527443224154-c4a3942d3acf?auto=format&fit=crop&w=800&q=80
16	https://images.unsplash.com/photo-1486312338219-ce68d2c6f44d?auto=format&fit=crop&w=800&q=80
30	https://images.unsplash.com/photo-1557821552-17105176677c?auto=format&fit=crop&w=800&q=80
30	https://images.unsplash.com/photo-1578303512597-81e6cc155b3e?auto=format&fit=crop&w=800&q=80
24	https://images.unsplash.com/photo-1511707171634-5f897ff02aa9?auto=format&fit=crop&w=800&q=80
24	https://images.unsplash.com/photo-1592899677977-9c10ca588bbd?auto=format&fit=crop&w=800&q=80
24	https://images.unsplash.com/photo-1555774698-0b77e0d5fac6?auto=format&fit=crop&w=800&q=80
24	https://images.unsplash.com/photo-1561154464-82e9adf32764?auto=format&fit=crop&w=800&q=80
24	https://images.unsplash.com/photo-1525547719571-a2d4ac8945e2?auto=format&fit=crop&w=800&q=80
2	https://images.unsplash.com/photo-1587614382346-4ec70e388b28?auto=format&fit=crop&w=800&q=80
2	https://images.unsplash.com/photo-1603302576837-37561b2e2302?auto=format&fit=crop&w=800&q=80
2	https://images.unsplash.com/photo-1593640408182-31c70c8268f5?auto=format&fit=crop&w=800&q=80
2	https://images.unsplash.com/photo-1587614382346-4ec70e388b28?auto=format&fit=crop&w=800&q=80
30	https://images.unsplash.com/photo-1612036782180-6f0b6cd846fe?auto=format&fit=crop&w=800&q=80
48	https://images.unsplash.com/photo-1557821552-17105176677c?auto=format&fit=crop&w=800&q=80
48	https://images.unsplash.com/photo-1584917865442-de89df76afd3?auto=format&fit=crop&w=800&q=80
12	https://images.unsplash.com/photo-1557821552-17105176677c?auto=format&fit=crop&w=800&q=80
12	https://images.unsplash.com/photo-1527864550417-7fd91fc51a46?auto=format&fit=crop&w=800&q=80
20	https://images.unsplash.com/photo-1557821552-17105176677c?auto=format&fit=crop&w=800&q=80
52	https://images.unsplash.com/photo-1557821552-17105176677c?auto=format&fit=crop&w=800&q=80
52	https://images.unsplash.com/photo-1553062407-98eeb64c6a62?auto=format&fit=crop&w=800&q=80
40	https://images.unsplash.com/photo-1557821552-17105176677c?auto=format&fit=crop&w=800&q=80
40	https://images.unsplash.com/photo-1550751827-4bd374c3f58b?auto=format&fit=crop&w=800&q=80
40	https://images.unsplash.com/photo-1563453392212-326f5e854473?auto=format&fit=crop&w=800&q=80
41	https://images.unsplash.com/photo-1542291026-7eec264c27ff?auto=format&fit=crop&w=800&q=80
20	https://images.unsplash.com/photo-1609091839311-d5365f9ff1c5?auto=format&fit=crop&w=800&q=80
20	https://images.unsplash.com/photo-1583863788434-e58a36330cf0?auto=format&fit=crop&w=800&q=80
3	https://images.unsplash.com/photo-1587614382346-4ec70e388b28?auto=format&fit=crop&w=800&q=80
3	https://images.unsplash.com/photo-1588872657578-7efd1f1555ed?auto=format&fit=crop&w=800&q=80
3	https://images.unsplash.com/photo-1496181133206-80ce9b88a853?auto=format&fit=crop&w=800&q=80
41	https://images.unsplash.com/photo-1607522370275-f14206abe5d3?auto=format&fit=crop&w=800&q=80
41	https://images.unsplash.com/photo-1595950653106-6c9ebd614d3a?auto=format&fit=crop&w=800&q=80
41	https://images.unsplash.com/photo-1600185365926-3a2ce3cdb9eb?auto=format&fit=crop&w=800&q=80
41	https://images.unsplash.com/photo-1606107557195-0e29a4b5b4aa?auto=format&fit=crop&w=800&q=80
11	https://images.unsplash.com/photo-1618366712010-f4ae9c647dcb?auto=format&fit=crop&w=800&q=80
11	https://images.unsplash.com/photo-1505740420928-5e560c06d30e?auto=format&fit=crop&w=800&q=80
11	https://images.unsplash.com/photo-1583394838336-acd977736f90?auto=format&fit=crop&w=800&q=80
17	https://images.unsplash.com/photo-1547394765-185e1e68f34e?auto=format&fit=crop&w=800&q=80
17	https://images.unsplash.com/photo-1538481199705-c710c4e965fc?auto=format&fit=crop&w=800&q=80
17	https://images.unsplash.com/photo-1552831388-6a0b3575b32a?auto=format&fit=crop&w=800&q=80
18	https://images.unsplash.com/photo-1597872252165-482c0e427209?auto=format&fit=crop&w=800&q=80
18	https://images.unsplash.com/photo-1558223607-4e2311a2176d?auto=format&fit=crop&w=800&q=80
18	https://images.unsplash.com/photo-1531492643958-e504b887defd?auto=format&fit=crop&w=800&q=80
35	https://images.unsplash.com/photo-1557821552-17105176677c?auto=format&fit=crop&w=800&q=80
35	https://images.unsplash.com/photo-1587202372775-e229f172b9d7?auto=format&fit=crop&w=800&q=80
35	https://images.unsplash.com/photo-1619597455322-4fbbd8202516?auto=format&fit=crop&w=800&q=80
21	https://images.unsplash.com/photo-1544244015-0df4b3ffc6b0?auto=format&fit=crop&w=800&q=80
21	https://images.unsplash.com/photo-1521575107034-e0fa0b594529?auto=format&fit=crop&w=800&q=80
21	https://images.unsplash.com/photo-1512054502232-10a0a035d672?auto=format&fit=crop&w=800&q=80
22	https://images.unsplash.com/photo-1585790050230-5dd28404ccb9?auto=format&fit=crop&w=800&q=80
22	https://images.unsplash.com/photo-1565849904461-04a58ad377e0?auto=format&fit=crop&w=800&q=80
22	https://images.unsplash.com/photo-1542751110-97427bbecf20?auto=format&fit=crop&w=800&q=80
35	https://images.unsplash.com/photo-1593640408182-31c70c8268f5?auto=format&fit=crop&w=800&q=80
25	https://images.unsplash.com/photo-1516035069371-29a1b244cc32?auto=format&fit=crop&w=800&q=80
25	https://images.unsplash.com/photo-1500634245200-e5245c7574ef?auto=format&fit=crop&w=800&q=80
25	https://images.unsplash.com/photo-1519638831568-d9897f54ed69?auto=format&fit=crop&w=800&q=80
27	https://images.unsplash.com/photo-1565849904461-04a58ad377e0?auto=format&fit=crop&w=800&q=80
27	https://images.unsplash.com/photo-1527661591475-527312dd65f5?auto=format&fit=crop&w=800&q=80
27	https://images.unsplash.com/photo-1495707902641-75cac588d2e9?auto=format&fit=crop&w=800&q=80
32	https://images.unsplash.com/photo-1598550476439-6847785fcea6?auto=format&fit=crop&w=800&q=80
32	https://images.unsplash.com/photo-1593640408182-31c70c8268f5?auto=format&fit=crop&w=800&q=80
32	https://images.unsplash.com/photo-1542751371-adc38448a05e?auto=format&fit=crop&w=800&q=80
36	https://images.unsplash.com/photo-1621259182978-fbf93132d53d?auto=format&fit=crop&w=800&q=80
36	https://images.unsplash.com/photo-1608043152269-423dbba4e7e1?auto=format&fit=crop&w=800&q=80
36	https://images.unsplash.com/photo-1543512214-318c77a799bf?auto=format&fit=crop&w=800&q=80
42	https://images.unsplash.com/photo-1608231387042-66d1773070a5?auto=format&fit=crop&w=800&q=80
42	https://images.unsplash.com/photo-1587563871167-1ee9c731aefb?auto=format&fit=crop&w=800&q=80
42	https://images.unsplash.com/photo-1539185441755-769473a23570?auto=format&fit=crop&w=800&q=80
43	https://images.unsplash.com/photo-1607522370275-f14206abe5d3?auto=format&fit=crop&w=800&q=80
43	https://images.unsplash.com/photo-1579338559194-a162d19bd842?auto=format&fit=crop&w=800&q=80
43	https://images.unsplash.com/photo-1463100099107-aa0980c362e6?auto=format&fit=crop&w=800&q=80
44	https://images.unsplash.com/photo-1556821840-3a63f95609a7?auto=format&fit=crop&w=800&q=80
44	https://images.unsplash.com/photo-1578768079052-aa76e52ff62e?auto=format&fit=crop&w=800&q=80
46	https://images.unsplash.com/photo-1586363104862-3a5e2ab60d99?auto=format&fit=crop&w=800&q=80
51	https://images.unsplash.com/photo-1521572163474-6864f9cf17ab?auto=format&fit=crop&w=800&q=80
56	https://images.unsplash.com/photo-1591047139829-d91aecb6caea?auto=format&fit=crop&w=800&q=80
59	https://images.unsplash.com/photo-1565026057447-bc90a3dceb87?auto=format&fit=crop&w=800&q=80
49	https://images.unsplash.com/photo-1572635196237-14b3f281503f?auto=format&fit=crop&w=800&q=80
47	https://images.unsplash.com/photo-1543163521-1bf539c55dd2?auto=format&fit=crop&w=800&q=80
60	https://images.unsplash.com/photo-1612336307429-8a898d10e223?auto=format&fit=crop&w=800&q=80
64	https://images.unsplash.com/photo-1517668808822-9ebb02f2a0e6?auto=format&fit=crop&w=800&q=80
79	https://images.unsplash.com/photo-1512486130939-2c4f79935e4f?auto=format&fit=crop&w=800&q=80
77	https://images.unsplash.com/photo-1581622558663-b2e33377dfb2?auto=format&fit=crop&w=800&q=80
65	https://images.unsplash.com/photo-1555041469-a586c61ea9bc?auto=format&fit=crop&w=800&q=80
65	https://images.unsplash.com/photo-1493663284031-b7e3aefcae8e?auto=format&fit=crop&w=800&q=80
69	https://images.unsplash.com/photo-1602523961358-f9f03dd557db?auto=format&fit=crop&w=800&q=80
75	https://images.unsplash.com/photo-1601925260368-ae2f83cf8b7f?auto=format&fit=crop&w=800&q=80
76	https://images.unsplash.com/photo-1594620302200-9a762244a156?auto=format&fit=crop&w=800&q=80
78	https://images.unsplash.com/photo-1618220179428-22790b461013?auto=format&fit=crop&w=800&q=80
80	https://images.unsplash.com/photo-1563861826100-9cb868fdbe1c?auto=format&fit=crop&w=800&q=80
81	https://images.unsplash.com/photo-1544947950-fa07a98d237f?auto=format&fit=crop&w=800&q=80
81	https://images.unsplash.com/photo-1517842645767-c639042777db?auto=format&fit=crop&w=800&q=80
82	https://images.unsplash.com/photo-1589829085413-56de8ae18c73?auto=format&fit=crop&w=800&q=80
83	https://images.unsplash.com/photo-1543002588-bfa74002ed7e?auto=format&fit=crop&w=800&q=80
95	https://images.unsplash.com/photo-1495446815901-a7297e633e8d?auto=format&fit=crop&w=800&q=80
98	https://images.unsplash.com/photo-1555116505-a1d6ca9e9e29?auto=format&fit=crop&w=800&q=80
84	https://images.unsplash.com/photo-1585336261022-680e295ce3fe?auto=format&fit=crop&w=800&q=80
85	https://images.unsplash.com/photo-1544816155-12df9643f363?auto=format&fit=crop&w=800&q=80
86	https://images.unsplash.com/photo-1513364776144-60967b0f800f?auto=format&fit=crop&w=800&q=80
89	https://images.unsplash.com/photo-1553062407-98eeb64c6a62?auto=format&fit=crop&w=800&q=80
93	https://images.unsplash.com/photo-1513364776144-60967b0f800f?auto=format&fit=crop&w=800&q=80
96	https://images.unsplash.com/photo-1527443224154-c4a3942d3acf?auto=format&fit=crop&w=800&q=80
97	https://images.unsplash.com/photo-1505843490538-5133c6c7d0e1?auto=format&fit=crop&w=800&q=80
99	https://images.unsplash.com/photo-1568205612837-0172ef5d94b4?auto=format&fit=crop&w=800&q=80
100	https://images.unsplash.com/photo-1517842645767-c639042777db?auto=format&fit=crop&w=800&q=80
101	https://images.unsplash.com/photo-1586495777744-4413f21062fa?auto=format&fit=crop&w=800&q=80
102	https://images.unsplash.com/photo-1541643600914-78b084683601?auto=format&fit=crop&w=800&q=80
104	https://images.unsplash.com/photo-1556228578-0d85b1a4d571?auto=format&fit=crop&w=800&q=80
108	https://images.unsplash.com/photo-1620916566398-39f1143ab7be?auto=format&fit=crop&w=800&q=80
105	https://images.unsplash.com/photo-1579722820308-d74e571900a9?auto=format&fit=crop&w=800&q=80
105	https://images.unsplash.com/photo-1517836357463-d25dfeac3438?auto=format&fit=crop&w=800&q=80
113	https://images.unsplash.com/photo-1621607512214-68297480165e?auto=format&fit=crop&w=800&q=80
114	https://images.unsplash.com/photo-1584308666744-24d5c474f2ae?auto=format&fit=crop&w=800&q=80
117	https://images.unsplash.com/photo-1620916297397-a4a5402a3c6c?auto=format&fit=crop&w=800&q=80
119	https://images.unsplash.com/photo-1584308666744-24d5c474f2ae?auto=format&fit=crop&w=800&q=80
121	https://images.unsplash.com/photo-1559056199-641a0ac8b55e?auto=format&fit=crop&w=800&q=80
121	https://images.unsplash.com/photo-1497935586351-b67a49e012bf?auto=format&fit=crop&w=800&q=80
122	https://images.unsplash.com/photo-1587049352846-4a222e784d38?auto=format&fit=crop&w=800&q=80
124	https://images.unsplash.com/photo-1559563362-c667ba5f5480?auto=format&fit=crop&w=800&q=80
127	https://images.unsplash.com/photo-1548907040-4baa42d10919?auto=format&fit=crop&w=800&q=80
129	https://images.unsplash.com/photo-1622483767028-3f66f32aef97?auto=format&fit=crop&w=800&q=80
131	https://images.unsplash.com/photo-1590080875515-8a3a8dc5735e?auto=format&fit=crop&w=800&q=80
132	https://images.unsplash.com/photo-1612929633738-8fe44f7ec841?auto=format&fit=crop&w=800&q=80
133	https://images.unsplash.com/photo-1563636619-e9143da7973b?auto=format&fit=crop&w=800&q=80
136	https://images.unsplash.com/photo-1571328003758-4a3921661729?auto=format&fit=crop&w=800&q=80
137	https://images.unsplash.com/photo-1599487488170-d11ec9c172f0?auto=format&fit=crop&w=800&q=80
139	https://images.unsplash.com/photo-1566478989037-eec170784d0b?auto=format&fit=crop&w=800&q=80
140	https://images.unsplash.com/photo-1586201375761-83865001e31c?auto=format&fit=crop&w=800&q=80
140	https://images.unsplash.com/photo-1536304993881-ffc028db9202?auto=format&fit=crop&w=800&q=80
5	https://nhom5sbucket.s3.ap-southeast-1.amazonaws.com/products/images/89efe808-dccf-4e2b-ab00-df4775b56f81-asus3.jpg
5	https://nhom5sbucket.s3.ap-southeast-1.amazonaws.com/products/images/6da319bb-9e0b-4d1d-b070-e3ef59021b2c-asus.jpg
5	https://nhom5sbucket.s3.ap-southeast-1.amazonaws.com/products/images/abc0f824-8d7b-4e03-b94c-bd340f626fa6-asus.png
10	https://nhom5sbucket.s3.ap-southeast-1.amazonaws.com/products/images/95b84806-44ad-452d-a2b2-a4503cf08828-asus.png
\.


--
-- TOC entry 3451 (class 0 OID 16404)
-- Dependencies: 222
-- Data for Name: products; Type: TABLE DATA; Schema: public; Owner: postgres
--

COPY public.products (id, created_at, created_by, modified_by, updated_at, average_rating, description, discount_price, name, price, review_count, thumbnail) FROM stdin;
22	2025-12-16 03:21:32.394384+00	admin	admin	2025-12-16 03:21:32.394384+00	4.7	Máy tính bảng màn hình khổng lồ 14.6 inch, kèm bút S-Pen, chống nước.	26490000.00	Samsung Galaxy Tab S9 Ultra	29990000.00	95	https://images.unsplash.com/photo-1585790050230-5dd28404ccb9?auto=format&fit=crop&w=400&q=80
6	2025-12-16 03:20:34.313725+00	admin	admin@gmail.com	2025-12-19 00:10:44.82136+00	5	Khung viền Titan, chip A17 Pro, cổng USB-C tốc độ cao.	31990000.00	iPhone 15 Pro Max 256GB	34990000.00	500	https://images.unsplash.com/photo-1696446701796-da61225697cc?auto=format&fit=crop&w=400&q=80
3	2025-12-16 03:20:34.313725+00	admin	admin@gmail.com	2025-12-19 00:09:57.980908+00	4.2	Dòng máy doanh nhân bền bỉ, hiệu năng ổn định, bảo mật vân tay.	5555555.00	Laptop Dell Latitude 5511	14500000.00	40	https://nhom5sbucket.s3.ap-southeast-1.amazonaws.com/products/thumbnails/6c58d905-0e1d-4908-b854-54a7a2955343-asus.jpg
23	2025-12-16 03:21:32.394384+00	admin	admin@gmail.com	2025-12-19 00:10:13.824709+00	4.9	Hiệu năng đỉnh cao chip M2, màn hình Mini-LED XDR chân thực.	\N	iPad Pro 12.9 inch M2	31990000.00	150	https://images.unsplash.com/photo-1587033411391-5d9e51cce126?auto=format&fit=crop&w=400&q=80
2	2025-12-16 03:20:34.313725+00	admin	admin@gmail.com	2025-12-19 00:10:05.702693+00	4.5	Laptop gaming cấu hình cao, RTX 2050, màn hình 144Hz mượt mà đep trai.	15490000.00	Laptop ASUS TUF Gaming F15	16990000.00	85	https://images.unsplash.com/photo-1603302576837-37561b2e2302?auto=format&fit=crop&w=400&q=80
27	2025-12-16 03:21:32.394384+00	admin	admin@gmail.com	2025-12-18 01:32:40.365385+00	4.6	Camera hành trình chống rung HyperSmooth 6.0, quay 5.3K bền bỉ.	8490000.00	GoPro Hero 12 Black	9990000.00	300	https://images.unsplash.com/photo-1565849904461-04a58ad377e0?auto=format&fit=crop&w=400&q=80
5	2025-12-16 03:20:34.313725+00	admin	admin@gmail.com	2025-12-18 01:42:32.967467+00	4	Thiết kế thời trang, vỏ kim loại, phù hợp văn phòng và đồ họa nhẹ.	\N	Laptop HP Pavilion 15	17490000.00	32	https://images.unsplash.com/photo-1544731612-de7f96afe55f?auto=format&fit=crop&w=400&q=80
9	2025-12-16 03:20:34.313725+00	admin	admin@gmail.com	2025-12-19 00:10:50.013855+00	4.3	Chụp quay chống rung OIS, kháng nước kháng bụi chuẩn IP67.	7290000.00	Samsung Galaxy A54 5G	8490000.00	150	https://images.unsplash.com/photo-1583573636246-18cb2246697f?auto=format&fit=crop&w=400&q=80
15	2025-12-16 03:20:34.313725+00	admin	admin@gmail.com	2025-12-19 00:10:58.94093+00	4.5	Âm thanh JBL Original Pro mạnh mẽ, chống nước IP67.	2490000.00	Loa Bluetooth JBL Flip 6	2990000.00	120	https://images.unsplash.com/photo-1608043152269-423dbba4e7e1?auto=format&fit=crop&w=400&q=80
18	2025-12-16 03:20:34.313725+00	admin	admin@gmail.com	2025-12-18 01:56:35.322509+00	4.9	Chuẩn PCIe 4.0 NVMe, tốc độ đọc 7000MB/s siêu nhanh.	2450000.00	Ổ cứng SSD Samsung 980 PRO	2890000.00	200	https://nhom5sbucket.s3.ap-southeast-1.amazonaws.com/products/thumbnails/3e587490-499d-4b43-8be8-36d59cc4bf20-anh2.jpg
10	2025-12-16 03:20:34.313725+00	admin	admin@gmail.com	2025-12-18 01:50:06.520792+00	4.1	Chuyên gia chân dung tele, thiết kế mặt lưng 3D cong tràn viền.	\N	OPPO Reno10 5G	9990000.00	60	https://images.unsplash.com/photo-1592899677977-9c10ca588bbd?auto=format&fit=crop&w=400&q=80
19	2025-12-16 03:20:34.313725+00	admin	admin@gmail.com	2025-12-19 00:12:58.940405+00	5	DDR4 3200MHz, tự động ép xung, tối ưu cho gaming.	850000.00	RAM Laptop Kingston Fury	990000.00	2	https://images.unsplash.com/photo-1562976540-1502c2145186?auto=format&fit=crop&w=400&q=80
11	2025-12-16 03:20:34.313725+00	admin	admin@gmail.com	2025-12-18 01:56:46.414327+00	4.8	Công nghệ chống ồn hàng đầu thị trường, chất âm Hi-Res Audio.	6490000.00	Tai nghe Sony WH-1000XM5	6990000.00	110	https://nhom5sbucket.s3.ap-southeast-1.amazonaws.com/products/thumbnails/c9959d98-88f4-42c0-ab40-bcf981a0cf45-anh2.jpg
17	2025-12-16 03:20:34.313725+00	admin	admin	2025-12-18 04:32:01.583305+00	4.666666666666667	Tần số quét 144Hz, phản hồi 1ms, hỗ trợ AMD FreeSync.	3290000.00	Màn hình Gaming LG UltraGear	3890000.00	3	https://images.unsplash.com/photo-1547394765-185e1e68f34e?auto=format&fit=crop&w=400&q=80
21	2025-12-16 03:21:32.394384+00	admin	admin	2025-12-18 13:46:25.342908+00	4	Sức mạnh chip M1, màn hình Liquid Retina 10.9 inch sắc nét.	11990000.00	iPad Air 5 M1 64GB WiFi	13990000.00	1	https://images.unsplash.com/photo-1544244015-0df4b3ffc6b0?auto=format&fit=crop&w=400&q=80
25	2025-12-16 03:21:32.394384+00	admin	admin	2025-12-18 11:52:25.264258+00	2.5	Cảm biến Full-frame 33MP, lấy nét tự động theo mắt cực nhanh.	57500000.00	Máy ảnh Sony Alpha A7 IV Body	59990000.00	2	https://images.unsplash.com/photo-1516035069371-29a1b244cc32?auto=format&fit=crop&w=400&q=80
12	2025-12-16 03:20:34.313725+00	admin	admin@gmail.com	2025-12-19 00:09:21.942539+00	4.9	Chuột Silent, cuộn vô cực, đa kết nối 3 thiết bị cùng lúc.	2190000.00	Chuột Logitech MX Master 3S	2490000.00	300	https://images.unsplash.com/photo-1527864550417-7fd91fc51a46?auto=format&fit=crop&w=400&q=80
20	2025-12-16 03:20:34.313725+00	admin	admin@gmail.com	2025-12-19 00:09:34.066946+00	4.6	Dung lượng 20000mAh, sạc nhanh 20W PD.	950000.00	Sạc dự phòng Anker 20K	1200000.00	180	https://images.unsplash.com/photo-1609091839311-d5365f9ff1c5?auto=format&fit=crop&w=400&q=80
24	2025-12-16 03:21:32.394384+00	admin	admin@gmail.com	2025-12-19 00:09:39.995093+00	4.5	Màn hình 144Hz mượt mà, chip Snapdragon 870, pin 8840mAh.	7990000.00	Xiaomi Pad 6 8GB/128GB	8990000.00	320	https://images.unsplash.com/photo-1561154464-82e9adf32764?auto=format&fit=crop&w=400&q=80
16	2025-12-16 03:20:34.313725+00	admin	admin@gmail.com	2025-12-19 00:09:46.854592+00	4.8	Độ phủ màu 100% sRGB, chuyên đồ họa, cổng kết nối đa dạng.	500000.00	Màn hình Dell UltraSharp U2422H	5490000.00	70	https://images.unsplash.com/photo-1527443224154-c4a3942d3acf?auto=format&fit=crop&w=400&q=80
1	2025-12-16 03:20:34.313725+00	admin	admin@gmail.com	2025-12-19 00:10:21.913468+00	4.9	Chip Apple M1 mạnh mẽ, pin trâu 18 tiếng, thiết kế nhôm nguyên khối.	16500000.00	MacBook Air M1 2020 8GB/256GB	18990000.00	120	https://images.unsplash.com/photo-1611186871348-b1ce696e52c9?auto=format&fit=crop&w=400&q=80
192	2023-11-06 13:00:00+00	admin	admin@gmail.com	2025-12-19 00:12:46.126444+00	4.6	Kính râm thời trang chống tia UV.	799995.00	Rayban Aviator - #51	3200000.00	88	https://images.unsplash.com/photo-1572635196237-14b3f281503f?q=80&w=400&auto=format&fit=crop
14	2025-12-16 03:20:34.313725+00	admin	admin@gmail.com	2025-12-19 00:13:09.308039+00	4	Màn hình luôn bật sáng hơn, thao tác Chạm hai lần mới.	9190000.00	Apple Watch Series 9	9890000.00	1	https://images.unsplash.com/photo-1546868871-7041f2a55e12?auto=format&fit=crop&w=400&q=80
32	2025-12-16 03:21:32.394384+00	admin	admin	2025-12-16 03:21:32.394384+00	4.6	Da PVC cao cấp, đệm ngồi siêu êm, hỗ trợ cột sống.	7500000.00	Ghế Gaming Anda Seat Kaiser 3	8900000.00	75	https://images.unsplash.com/photo-1598550476439-6847785fcea6?auto=format&fit=crop&w=400&q=80
36	2025-12-16 03:21:32.394384+00	admin	admin	2025-12-16 03:21:32.394384+00	4.8	Thiết kế Vintage sang trọng, âm thanh chi tiết, kết nối Bluetooth 5.2.	8990000.00	Loa Marshall Stanmore III	9890000.00	180	https://images.unsplash.com/photo-1621259182978-fbf93132d53d?auto=format&fit=crop&w=400&q=80
42	2025-12-16 03:24:26.481151+00	admin	admin	2025-12-16 03:24:26.481151+00	4.7	Công nghệ đệm Boost êm ái, hỗ trợ chạy bộ chuyên nghiệp.	3800000.00	Giày Adidas Ultraboost Light	4200000.00	320	https://images.unsplash.com/photo-1587563871167-1ee9c731aefb?auto=format&fit=crop&w=400&q=80
44	2025-12-16 03:24:26.481151+00	admin	admin	2025-12-16 03:24:26.481151+00	4.6	Chất nỉ bông dày dặn, form rộng Oversize trendy.	1200000.00	Áo Hoodie Essentials Fear of God	1500000.00	200	https://images.unsplash.com/photo-1556821840-3a63f95609a7?auto=format&fit=crop&w=400&q=80
46	2025-12-16 03:24:26.481151+00	admin	admin	2025-12-16 03:24:26.481151+00	4.7	Vải cotton cá sấu thoáng mát, logo thêu tinh tế, lịch lãm.	\N	Áo Polo Lacoste Cá Sấu	2500000.00	150	https://images.unsplash.com/photo-1586363104862-3a5e2ab60d99?auto=format&fit=crop&w=400&q=80
47	2025-12-16 03:24:26.481151+00	admin	admin	2025-12-16 03:24:26.481151+00	5	Thiết kế mũi nhọn sang trọng, đính đá pha lê, dành cho dạ tiệc.	\N	Giày Cao Gót Manolo Blahnik	25000000.00	20	https://images.unsplash.com/photo-1543163521-1bf539c55dd2?auto=format&fit=crop&w=400&q=80
51	2025-12-16 03:24:26.481151+00	admin	admin	2025-12-16 03:24:26.481151+00	4.8	Cotton dày dặn, form suông, nhiều màu sắc basic dễ phối.	\N	Áo Thun Uniqlo U Crew Neck	299000.00	5000	https://images.unsplash.com/photo-1521572163474-6864f9cf17ab?auto=format&fit=crop&w=400&q=80
49	2025-12-16 03:24:26.481151+00	admin	admin	2025-12-18 04:20:50.2865+00	4	Gọng vàng mắt xanh rau muống, chống tia UV 100%.	2900000.00	Kính Mát Ray-Ban Aviator	3500000.00	1	https://images.unsplash.com/photo-1572635196237-14b3f281503f?auto=format&fit=crop&w=400&q=80
41	2025-12-16 03:24:26.481151+00	admin	admin@gmail.com	2025-12-19 00:14:53.390222+00	5	Huyền thoại sneaker trắng, để phối đồ, phong cách đường phố.	2690000.00	Giày Nike Air Force 1 07 White	2990000.00	1	https://images.unsplash.com/photo-1595950653106-6c9ebd614d3a?auto=format&fit=crop&w=400&q=80
30	2025-12-16 03:21:32.394384+00	admin	admin@gmail.com	2025-12-19 00:13:31.2705+00	4.8	Màn hình OLED 7 inch rực rỡ, chơi game cầm tay tiện lợi.	6990000.00	Nintendo Switch OLED Model	7990000.00	550	https://images.unsplash.com/photo-1578303512597-81e6cc155b3e?auto=format&fit=crop&w=400&q=80
33	2025-12-16 03:21:32.394384+00	admin	admin@gmail.com	2025-12-19 00:13:37.818028+00	5	Card đồ họa mạnh nhất thế giới, 24GB VRAM, tản nhiệt cực mát.	\N	VGA ASUS ROG Strix RTX 4090	62000000.00	25	https://images.unsplash.com/photo-1591488320449-011701bb6704?auto=format&fit=crop&w=400&q=80
48	2025-12-16 03:24:26.481151+00	admin	admin@gmail.com	2025-12-19 00:14:02.240071+00	5	Da Caviar cao cấp, khóa logo CC mạ vàng, biểu tượng thời trang.	\N	Túi Xách Chanel Classic Flap	150000000.00	10	https://images.unsplash.com/photo-1584917865442-de89df76afd3?auto=format&fit=crop&w=400&q=80
52	2025-12-16 03:24:26.481151+00	admin	admin@gmail.com	2025-12-19 00:14:22.360944+00	4.7	Chống nước tuyệt đối, ngăn laptop 15 inch, phù hợp đi phượt.	990000.00	Balo North Face Fuse Box	1200000.00	400	https://images.unsplash.com/photo-1553062407-98eeb64c6a62?auto=format&fit=crop&w=400&q=80
40	2025-12-16 03:21:32.394384+00	admin	admin@gmail.com	2025-12-19 00:14:32.688725+00	4.5	Đèn LED RGB đồng bộ màu sắc theo màn hình PC/TV cực đẹp.	2990000.00	Đèn thông minh Philips Hue Play	3490000.00	65	https://images.unsplash.com/photo-1550751827-4bd374c3f58b?auto=format&fit=crop&w=400&q=80
35	2025-12-16 03:21:32.394384+00	admin	admin@gmail.com	2025-12-19 00:15:05.807781+00	4	Vỏ máy tính 2 mặt kính cường lực, thoáng khí, thiết kế bể cá.	4190000.00	Case PC NZXT H9 Flow White	4590000.00	1	https://images.unsplash.com/photo-1587202372775-e229f172b9d7?auto=format&fit=crop&w=400&q=80
28	2025-12-16 03:21:32.394384+00	admin	admin@gmail.com	2025-12-20 02:31:37.45782+00	5	Quay phim 4K/60fps HDR, cảm biến tránh va chạm đa hướng.	19990000.00	Flycam DJI Mini 4 Pro	21500000.00	1	https://images.unsplash.com/photo-1473968512647-3e447244af8f?auto=format&fit=crop&w=400&q=80
55	2025-12-16 03:24:26.481151+00	admin	admin	2025-12-16 03:24:26.481151+00	4.8	Form cứng cáp, logo NY thêu nổi, phụ kiện đường phố.	500000.00	Mũ Lưỡi Trai New York Yankees	650000.00	220	https://images.unsplash.com/photo-1588850561407-ed78c282e89b?auto=format&fit=crop&w=400&q=80
56	2025-12-16 03:24:26.481151+00	admin	admin	2025-12-16 03:24:26.481151+00	4.7	Áo khoác phi công, giữ ấm tốt, chất liệu dù chống thấm.	\N	Áo Khoác Bomber Alpha Industries	3800000.00	60	https://images.unsplash.com/photo-1591047139829-d91aecb6caea?auto=format&fit=crop&w=400&q=80
59	2025-12-16 03:24:26.481151+00	admin	admin	2025-12-16 03:24:26.481151+00	4.8	Nhựa PC chịu lực, khóa số TSA, bánh xe xoay 360 độ.	3200000.00	Vali Samsonite Size 24	4500000.00	110	https://images.unsplash.com/photo-1565026057447-bc90a3dceb87?auto=format&fit=crop&w=400&q=80
60	2025-12-16 03:24:26.481151+00	admin	admin	2025-12-16 03:24:26.481151+00	4.5	Họa tiết hoa nhí, chất voan nhẹ nhàng, phong cách nàng thơ.	390000.00	Váy Hoa Vintage Midi	450000.00	300	https://images.unsplash.com/photo-1612336307429-8a898d10e223?auto=format&fit=crop&w=400&q=80
64	2025-12-16 03:24:26.481151+00	admin	admin	2025-12-16 03:24:26.481151+00	4.9	Pha Espresso chuyên nghiệp tại nhà, tích hợp máy xay hạt.	\N	Máy Pha Cà Phê Breville 870	19000000.00	60	https://images.unsplash.com/photo-1517668808822-9ebb02f2a0e6?auto=format&fit=crop&w=400&q=80
65	2025-12-16 03:24:26.481151+00	admin	admin	2025-12-16 03:24:26.481151+00	4.8	Da bò Ý nhập khẩu, đệm mút lông vũ êm ái, màu nâu da bò.	21000000.00	Ghế Sofa Da Bò Thật 3 Chỗ	25000000.00	15	https://images.unsplash.com/photo-1555041469-a586c61ea9bc?auto=format&fit=crop&w=400&q=80
69	2025-12-16 03:24:26.481151+00	admin	admin	2025-12-16 03:24:26.481151+00	4.9	Hương hoa oải hương thư giãn, sáp đậu nành an toàn.	550000.00	Nến Thơm Yankee Candle	650000.00	150	https://images.unsplash.com/photo-1602523961358-f9f03dd557db?auto=format&fit=crop&w=400&q=80
75	2025-12-16 03:24:26.481151+00	admin	admin	2025-12-16 03:24:26.481151+00	4.9	Độ bám dính cực tốt, chống trượt, hỗ trợ tập luyện hiệu quả.	\N	Thảm Yoga Lululemon 5mm	2500000.00	100	https://images.unsplash.com/photo-1601925260368-ae2f83cf8b7f?auto=format&fit=crop&w=400&q=80
76	2025-12-16 03:24:26.481151+00	admin	admin	2025-12-16 03:24:26.481151+00	4.6	Gỗ sồi tự nhiên, thiết kế lắp ráp thông minh, chịu lực tốt.	1500000.00	Kệ Sách Gỗ Sồi 5 Tầng	1800000.00	70	https://images.unsplash.com/photo-1594620302200-9a762244a156?auto=format&fit=crop&w=400&q=80
77	2025-12-16 03:24:26.481151+00	admin	admin	2025-12-16 03:24:26.481151+00	4.9	Rửa 14 bộ bát đĩa, sấy Zeolith khô hoàn hảo, tiết kiệm điện.	24500000.00	Máy Rửa Bát Bosch Series 6	28000000.00	40	https://images.unsplash.com/photo-1581622558663-b2e33377dfb2?auto=format&fit=crop&w=400&q=80
78	2025-12-16 03:24:26.481151+00	admin	admin	2025-12-16 03:24:26.481151+00	4.7	Gương Bỉ nhập khẩu, hình ảnh chân thực, viền gỗ mộc mạc.	700000.00	Gương Soi Toàn Thân Viền Gỗ	850000.00	150	https://images.unsplash.com/photo-1618220179428-22790b461013?auto=format&fit=crop&w=400&q=80
79	2025-12-16 03:24:26.481151+00	admin	admin	2025-12-16 03:24:26.481151+00	4.4	Hâm nóng thức ăn bằng hơi nước, inox 304, nhỏ gọn.	290000.00	Hộp Cơm Điện Văn Phòng 2 Tầng	350000.00	600	https://images.unsplash.com/photo-1512486130939-2c4f79935e4f?auto=format&fit=crop&w=400&q=80
80	2025-12-16 03:24:26.481151+00	admin	admin	2025-12-16 03:24:26.481151+00	4.5	Kim trôi êm ái, phong cách hiện đại, tạo điểm nhấn.	\N	Đồng Hồ Treo Tường Decor	450000.00	80	https://images.unsplash.com/photo-1563861826100-9cb868fdbe1c?auto=format&fit=crop&w=400&q=80
81	2025-12-16 03:24:26.481151+00	admin	admin	2025-12-16 03:24:26.481151+00	5	Cuốn sách gối đầu giường cho mọi lập trình viên chuyên nghiệp.	280000.00	Sách Clean Code - Mã Sạch	350000.00	5000	https://images.unsplash.com/photo-1544947950-fa07a98d237f?auto=format&fit=crop&w=400&q=80
58	2025-12-16 03:24:26.481151+00	admin	admin@gmail.com	2025-12-18 06:32:50.675787+00	4.9	Mặt khóa sang trọng, da bê cao cấp, đẳng cấp doanh nhân.	\N	Thắt Lưng Da Montblanc	8900000.00	30	https://images.unsplash.com/photo-1624222247344-550fb60583dc?auto=format&fit=crop&w=400&q=80
82	2025-12-16 03:24:26.481151+00	admin	admin	2025-12-16 03:24:26.481151+00	4.9	Tiểu thuyết bán chạy nhất mọi thời đại về hành trình theo đuổi ước mơ.	65000.00	Sách Nhà Giả Kim	85000.00	10000	https://images.unsplash.com/photo-1589829085413-56de8ae18c73?auto=format&fit=crop&w=400&q=80
83	2025-12-16 03:24:26.481151+00	admin	admin	2025-12-16 03:24:26.481151+00	4.8	Nghệ thuật thu phục lòng người, sách kỹ năng sống kinh điển.	72000.00	Sách Đắc Nhân Tâm	90000.00	8000	https://images.unsplash.com/photo-1543002588-bfa74002ed7e?auto=format&fit=crop&w=400&q=80
84	2025-12-16 03:24:26.481151+00	admin	admin	2025-12-16 03:24:26.481151+00	4.7	Vỏ thép không gỉ, ngòi bi trơn mượt, quà tặng doanh nhân.	750000.00	Bút Ký Parker IM Metal	850000.00	120	https://images.unsplash.com/photo-1585336261022-680e295ce3fe?auto=format&fit=crop&w=400&q=80
85	2025-12-16 03:24:26.481151+00	admin	admin	2025-12-16 03:24:26.481151+00	4.8	Giấy định lượng cao, bìa cứng, thương hiệu sổ tay huyền thoại.	\N	Sổ Tay Moleskine Classic	550000.00	300	https://images.unsplash.com/photo-1544816155-12df9643f363?auto=format&fit=crop&w=400&q=80
86	2025-12-16 03:24:26.481151+00	admin	admin	2025-12-16 03:24:26.481151+00	4.6	Đầy đủ chì màu, sáp màu, màu nước cho bé thỏa sức sáng tạo.	199000.00	Bộ Màu Vẽ Hộp Gỗ 150 Chi Tiết	250000.00	200	https://images.unsplash.com/photo-1513364776144-60967b0f800f?auto=format&fit=crop&w=400&q=80
87	2025-12-16 03:24:26.481151+00	admin	admin	2025-12-16 03:24:26.481151+00	4.9	Thay đổi thói quen nhỏ để tạo ra kết quả lớn.	180000.00	Sách Atomic Habits	220000.00	1500	https://images.unsplash.com/photo-1589829085413-56de8ae18c73?auto=format&fit=crop&w=400&q=80
89	2025-12-16 03:24:26.481151+00	admin	admin	2025-12-16 03:24:26.481151+00	4.5	Khóa số ẩn, cổng sạc USB, chất liệu chống rạch.	350000.00	Balo Laptop Chống Trộm	450000.00	180	https://images.unsplash.com/photo-1553062407-98eeb64c6a62?auto=format&fit=crop&w=400&q=80
92	2025-12-16 03:24:26.481151+00	admin	admin	2025-12-16 03:24:26.481151+00	4.6	Giải mã cách bộ não ra quyết định, sách tâm lý học hành vi.	150000.00	Sách Tư Duy Nhanh Và Chậm	180000.00	400	https://images.unsplash.com/photo-1543002588-bfa74002ed7e?auto=format&fit=crop&w=400&q=80
93	2025-12-16 03:24:26.481151+00	admin	admin	2025-12-16 03:24:26.481151+00	4.5	Màu sắc tươi sáng, khô nhanh, chuyên dùng cho vẽ Anime/Manga.	280000.00	Bộ Bút Marker Touch 80 Màu	350000.00	150	https://images.unsplash.com/photo-1513364776144-60967b0f800f?auto=format&fit=crop&w=400&q=80
95	2025-12-16 03:24:26.481151+00	admin	admin	2025-12-16 03:24:26.481151+00	4.9	Hành trình tiến hóa của loài người từ vượn cổ đến AI.	210000.00	Sách Sapiens - Lược Sử Loài Người	250000.00	800	https://images.unsplash.com/photo-1544947950-fa07a98d237f?auto=format&fit=crop&w=400&q=80
96	2025-12-16 03:24:26.481151+00	admin	admin	2025-12-16 03:24:26.481151+00	4.8	4096 mức lực nhấn, kèm bút không pin, cho Designer mới bắt đầu.	1800000.00	Bảng Vẽ Điện Tử Wacom Intuos	2100000.00	120	https://images.unsplash.com/photo-1527443224154-c4a3942d3acf?auto=format&fit=crop&w=400&q=80
97	2025-12-16 03:24:26.481151+00	admin	admin	2025-12-16 03:24:26.481151+00	4.7	Hỗ trợ cột sống, lưới thoáng khí, ngả lưng 135 độ.	2900000.00	Ghế Công Thái Học Ergonomic	3500000.00	90	https://images.unsplash.com/photo-1505843490538-5133c6c7d0e1?auto=format&fit=crop&w=400&q=80
98	2025-12-16 03:24:26.481151+00	admin	admin	2025-12-16 03:24:26.481151+00	4.5	Cuốn sách truyền cảm hứng sống cho giới trẻ Việt Nam.	60000.00	Sách Tuổi Trẻ Đáng Giá Bao Nhiêu	80000.00	2000	https://images.unsplash.com/photo-1589829085413-56de8ae18c73?auto=format&fit=crop&w=400&q=80
99	2025-12-16 03:24:26.481151+00	admin	admin	2025-12-16 03:24:26.481151+00	4.8	Thiết kế Bauhaus kinh điển của Đức, ngòi thép bền bỉ.	\N	Bút Máy Lamy Safari	650000.00	60	https://images.unsplash.com/photo-1585336261022-680e295ce3fe?auto=format&fit=crop&w=400&q=80
100	2025-12-16 03:24:26.481151+00	admin	admin	2025-12-16 03:24:26.481151+00	4.9	Keo dính tốt, giấy mịn, dùng để ghi chú công việc hàng ngày.	\N	Giấy Note Vàng 3x3 inch	15000.00	1000	https://images.unsplash.com/photo-1517842645767-c639042777db?auto=format&fit=crop&w=400&q=80
101	2025-12-16 03:24:26.481151+00	admin	admin	2025-12-16 03:24:26.481151+00	4.9	Màu đỏ cổ điển, chất son lì mịn, lâu trôi.	580000.00	Son Mac Ruby Woo	650000.00	2000	https://images.unsplash.com/photo-1586495777744-4413f21062fa?auto=format&fit=crop&w=400&q=80
102	2025-12-16 03:24:26.481151+00	admin	admin	2025-12-16 03:24:26.481151+00	5	Hương thơm huyền thoại, biểu tượng của sự quyến rũ.	\N	Nước Hoa Chanel No.5 100ml	3500000.00	500	https://images.unsplash.com/photo-1541643600914-78b084683601?auto=format&fit=crop&w=400&q=80
104	2025-12-16 03:24:26.481151+00	admin	admin	2025-12-16 03:24:26.481151+00	4.7	Dành cho da dầu mụn, phục hồi hàng rào bảo vệ da.	320000.00	Sữa Rửa Mặt CeraVe Foaming	380000.00	800	https://images.unsplash.com/photo-1556228578-0d85b1a4d571?auto=format&fit=crop&w=400&q=80
105	2025-12-16 03:24:26.481151+00	admin	admin	2025-12-16 03:24:26.481151+00	4.9	Hỗ trợ tăng cơ giảm mỡ, vị Chocolate đậm đà.	1500000.00	Whey Protein Gold Standard 5lbs	1650000.00	400	https://images.unsplash.com/photo-1579722820308-d74e571900a9?auto=format&fit=crop&w=400&q=80
108	2025-12-16 03:24:26.481151+00	admin	admin	2025-12-16 03:24:26.481151+00	4.6	Kích thích mọc tóc, giúp tóc dày và bồng bềnh.	190000.00	Dầu Gội Biotin Collagen OGX	250000.00	900	https://images.unsplash.com/photo-1620916566398-39f1143ab7be?auto=format&fit=crop&w=400&q=80
94	2025-12-16 03:24:26.481151+00	admin	admin@gmail.com	2025-12-18 06:33:16.469068+00	4.4	Nhựa Mica trong suốt, 3 ngăn tiện lợi, giúp bàn làm việc gọn gàng.	90000.00	Kệ Đựng Tài Liệu Để Bàn	120000.00	100	https://images.unsplash.com/photo-1497215728101-856f4ea42174?auto=format&fit=crop&w=400&q=80
113	2025-12-16 03:24:26.481151+00	admin	admin	2025-12-16 03:24:26.481151+00	4.6	Cạo khô và ướt, lưỡi dao tự mài, pin 30 phút.	520000.00	Máy Cạo Râu Philips S1103	650000.00	220	https://images.unsplash.com/photo-1621607512214-68297480165e?auto=format&fit=crop&w=400&q=80
114	2025-12-16 03:24:26.481151+00	admin	admin	2025-12-16 03:24:26.481151+00	4.8	Bổ sung Collagen thủy phân, giúp đẹp da, móng, tóc.	500000.00	Collagen Youtheory Mỹ 390 Viên	600000.00	600	https://images.unsplash.com/photo-1584308666744-24d5c474f2ae?auto=format&fit=crop&w=400&q=80
117	2025-12-16 03:24:26.481151+00	admin	admin	2025-12-16 03:24:26.481151+00	4.8	Đặc trị hôi nách, hiệu quả đến 3 ngày, không ố vàng áo.	210000.00	Lăn Khử Mùi Etiaxil	250000.00	800	https://images.unsplash.com/photo-1620916297397-a4a5402a3c6c?auto=format&fit=crop&w=400&q=80
119	2025-12-16 03:24:26.481151+00	admin	admin	2025-12-16 03:24:26.481151+00	4.8	Dầu cá hồi Alaska, tốt cho tim mạch và mắt.	350000.00	Thực Phẩm Chức Năng Omega-3	450000.00	300	https://images.unsplash.com/photo-1584308666744-24d5c474f2ae?auto=format&fit=crop&w=400&q=80
121	2025-12-16 03:24:26.481151+00	admin	admin	2025-12-16 03:24:26.481151+00	4.8	Cà phê rang xay đậm đà hương vị Việt, gói 500g.	120000.00	Cà Phê Trung Nguyên Legend	150000.00	1000	https://images.unsplash.com/photo-1559056199-641a0ac8b55e?auto=format&fit=crop&w=400&q=80
122	2025-12-16 03:24:26.481151+00	admin	admin	2025-12-16 03:24:26.481151+00	4.9	Mật ong kháng khuẩn tự nhiên, tốt cho dạ dày, hũ 500g.	990000.00	Mật Ong Manuka Úc	1200000.00	120	https://images.unsplash.com/photo-1587049352846-4a222e784d38?auto=format&fit=crop&w=400&q=80
124	2025-12-16 03:24:26.481151+00	admin	admin	2025-12-16 03:24:26.481151+00	4.6	Vang Chile nhập khẩu, hương vị trái cây chín, nồng độ 13.5%.	390000.00	Rượu Vang Đỏ Cabernet Sauvignon	450000.00	80	https://images.unsplash.com/photo-1559563362-c667ba5f5480?auto=format&fit=crop&w=400&q=80
127	2025-12-16 03:24:26.481151+00	admin	admin	2025-12-16 03:24:26.481151+00	4.9	Sô cô la sữa rắc hạt phỉ, hộp quà tặng 16 viên sang trọng.	220000.00	Sô Cô La Ferrero Rocher	250000.00	600	https://images.unsplash.com/photo-1548907040-4baa42d10919?auto=format&fit=crop&w=400&q=80
129	2025-12-16 03:24:26.481151+00	admin	admin	2025-12-16 03:24:26.481151+00	4.8	Thùng 24 lon, bổ sung năng lượng tức thì, vị ngọt đậm.	250000.00	Nước Tăng Lực Red Bull Thái	280000.00	400	https://images.unsplash.com/photo-1622483767028-3f66f32aef97?auto=format&fit=crop&w=400&q=80
131	2025-12-16 03:24:26.481151+00	admin	admin	2025-12-16 03:24:26.481151+00	4.7	Bánh quy bơ hoàng gia Đan Mạch, thơm ngon, quà biếu tết.	150000.00	Bánh Quy Danisa Hộp Thiếc	180000.00	800	https://images.unsplash.com/photo-1590080875515-8a3a8dc5735e?auto=format&fit=crop&w=400&q=80
132	2025-12-16 03:24:26.481151+00	admin	admin	2025-12-16 03:24:26.481151+00	4.9	Mì xào khô hương vị Indonesia cay nồng, thùng 30 gói.	125000.00	Mì Goreng Indomie (Thùng)	150000.00	1200	https://images.unsplash.com/photo-1612929633738-8fe44f7ec841?auto=format&fit=crop&w=400&q=80
133	2025-12-16 03:24:26.481151+00	admin	admin	2025-12-16 03:24:26.481151+00	4.8	Sữa Úc nhập khẩu, giàu canxi, hộp 1 lít.	38000.00	Sữa Tươi Nguyên Kem Devondale	45000.00	500	https://images.unsplash.com/photo-1563636619-e9143da7973b?auto=format&fit=crop&w=400&q=80
136	2025-12-16 03:24:26.481151+00	admin	admin	2025-12-16 03:24:26.481151+00	4.6	Trà sữa kéo Malaysia, thơm béo, bịch 15 gói.	99000.00	Trà Sữa Teh Tarik Hòa Tan	120000.00	300	https://images.unsplash.com/photo-1571328003758-4a3921661729?auto=format&fit=crop&w=400&q=80
137	2025-12-16 03:24:26.481151+00	admin	admin@gmail.com	2025-12-18 01:57:04.507479+00	4.8	Thịt gà tươi sấy khô, cay nồng ớt hiểm, đồ ăn vặt hấp dẫn.	110000.00	Khô Gà Lá Chanh 500g	130000.00	900	https://nhom5sbucket.s3.ap-southeast-1.amazonaws.com/products/thumbnails/96b4d8dc-5e8f-405a-a8cc-4e783a051d8a-anh2.jpg
139	2025-12-16 03:24:26.481151+00	admin	admin@gmail.com	2025-12-18 01:57:11.16985+00	4.7	Vị Tảo Biển Nori, lát khoai tây mỏng giòn, gói lớn.	\N	Snack Khoai Tây Lay's	25000.00	500	https://nhom5sbucket.s3.ap-southeast-1.amazonaws.com/products/thumbnails/f8b5be47-7a38-432c-b50d-2bd64a260d9c-anh2.jpg
140	2025-12-16 03:24:26.481151+00	admin	admin@gmail.com	2025-12-18 01:57:16.294703+00	5	Gạo ngon nhất thế giới, hạt dài, cơm dẻo thơm mùi lá dứa.	160000.00	Gạo ST25 Ông Cua 5kg	180000.00	400	https://nhom5sbucket.s3.ap-southeast-1.amazonaws.com/products/thumbnails/ad75d38f-6e57-43cd-aaca-3fa484968dc8-anh2.jpg
43	2025-12-16 03:24:26.481151+00	admin	admin	2025-12-18 04:06:02.403661+00	4.5	Thiết kế cổ điển Classic, vải Canvas bền bỉ, màu đen basic.	\N	Giày Converse Chuck 70 High Top	1900000.00	2	https://images.unsplash.com/photo-1607522370275-f14206abe5d3?auto=format&fit=crop&w=400&q=80
142	2023-11-01 08:00:00+00	admin	admin	2023-11-01 08:00:00+00	4.5	Giày thể thao chạy bộ êm ái, thoáng khí.	0.00	Nike Air Max 270 - #01	3500000.00	120	https://images.unsplash.com/photo-1542291026-7eec264c27ff?q=80&w=400&auto=format&fit=crop
143	2023-11-01 08:05:00+00	admin	admin	2023-11-01 08:05:00+00	4.2	Giày thể thao chạy bộ êm ái, thoáng khí.	3000000.00	Nike Air Max 270 - #02	3500000.00	45	https://images.unsplash.com/photo-1542291026-7eec264c27ff?q=80&w=400&auto=format&fit=crop
144	2023-11-01 08:10:00+00	admin	admin	2023-11-01 08:10:00+00	4.8	Giày thể thao chạy bộ êm ái, thoáng khí.	0.00	Nike Air Max 270 - #03	3500000.00	210	https://images.unsplash.com/photo-1542291026-7eec264c27ff?q=80&w=400&auto=format&fit=crop
145	2023-11-01 08:15:00+00	admin	admin	2023-11-01 08:15:00+00	5	Giày thể thao chạy bộ êm ái, thoáng khí.	0.00	Nike Air Max 270 - #04	3500000.00	12	https://images.unsplash.com/photo-1542291026-7eec264c27ff?q=80&w=400&auto=format&fit=crop
146	2023-11-01 08:20:00+00	admin	admin	2023-11-01 08:20:00+00	4	Giày thể thao chạy bộ êm ái, thoáng khí.	2800000.00	Nike Air Max 270 - #05	3500000.00	88	https://images.unsplash.com/photo-1542291026-7eec264c27ff?q=80&w=400&auto=format&fit=crop
147	2023-11-01 08:25:00+00	admin	admin	2023-11-01 08:25:00+00	4.6	Giày thể thao chạy bộ êm ái, thoáng khí.	0.00	Nike Air Max 270 - #06	3500000.00	150	https://images.unsplash.com/photo-1542291026-7eec264c27ff?q=80&w=400&auto=format&fit=crop
148	2023-11-01 08:30:00+00	admin	admin	2023-11-01 08:30:00+00	4.3	Giày thể thao chạy bộ êm ái, thoáng khí.	0.00	Nike Air Max 270 - #07	3500000.00	30	https://images.unsplash.com/photo-1542291026-7eec264c27ff?q=80&w=400&auto=format&fit=crop
149	2023-11-01 08:35:00+00	admin	admin	2023-11-01 08:35:00+00	4.7	Giày thể thao chạy bộ êm ái, thoáng khí.	0.00	Nike Air Max 270 - #08	3500000.00	99	https://images.unsplash.com/photo-1542291026-7eec264c27ff?q=80&w=400&auto=format&fit=crop
150	2023-11-01 08:40:00+00	admin	admin	2023-11-01 08:40:00+00	3.9	Giày thể thao chạy bộ êm ái, thoáng khí.	0.00	Nike Air Max 270 - #09	3500000.00	15	https://images.unsplash.com/photo-1542291026-7eec264c27ff?q=80&w=400&auto=format&fit=crop
151	2023-11-01 08:45:00+00	admin	admin	2023-11-01 08:45:00+00	4.1	Giày thể thao chạy bộ êm ái, thoáng khí.	0.00	Nike Air Max 270 - #10	3500000.00	60	https://images.unsplash.com/photo-1542291026-7eec264c27ff?q=80&w=400&auto=format&fit=crop
152	2023-11-02 09:00:00+00	admin	admin	2023-11-02 09:00:00+00	4.9	Đồng hồ dây da cao cấp, mặt kính sapphire.	0.00	Classic Watch Leather - #11	1200000.00	300	https://images.unsplash.com/photo-1523275335684-37898b6baf30?q=80&w=400&auto=format&fit=crop
153	2023-11-02 09:05:00+00	admin	admin	2023-11-02 09:05:00+00	4.4	Đồng hồ dây da cao cấp, mặt kính sapphire.	1000000.00	Classic Watch Leather - #12	1200000.00	120	https://images.unsplash.com/photo-1523275335684-37898b6baf30?q=80&w=400&auto=format&fit=crop
154	2023-11-02 09:10:00+00	admin	admin	2023-11-02 09:10:00+00	4.6	Đồng hồ dây da cao cấp, mặt kính sapphire.	0.00	Classic Watch Leather - #13	1200000.00	450	https://images.unsplash.com/photo-1523275335684-37898b6baf30?q=80&w=400&auto=format&fit=crop
155	2023-11-02 09:15:00+00	admin	admin	2023-11-02 09:15:00+00	3.8	Đồng hồ dây da cao cấp, mặt kính sapphire.	0.00	Classic Watch Leather - #14	1200000.00	20	https://images.unsplash.com/photo-1523275335684-37898b6baf30?q=80&w=400&auto=format&fit=crop
156	2023-11-02 09:20:00+00	admin	admin	2023-11-02 09:20:00+00	4.2	Đồng hồ dây da cao cấp, mặt kính sapphire.	0.00	Classic Watch Leather - #15	1200000.00	85	https://images.unsplash.com/photo-1523275335684-37898b6baf30?q=80&w=400&auto=format&fit=crop
157	2023-11-02 09:25:00+00	admin	admin	2023-11-02 09:25:00+00	4.7	Đồng hồ dây da cao cấp, mặt kính sapphire.	0.00	Classic Watch Leather - #16	1200000.00	110	https://images.unsplash.com/photo-1523275335684-37898b6baf30?q=80&w=400&auto=format&fit=crop
158	2023-11-02 09:30:00+00	admin	admin	2023-11-02 09:30:00+00	5	Đồng hồ dây da cao cấp, mặt kính sapphire.	0.00	Classic Watch Leather - #17	1200000.00	22	https://images.unsplash.com/photo-1523275335684-37898b6baf30?q=80&w=400&auto=format&fit=crop
159	2023-11-02 09:35:00+00	admin	admin	2023-11-02 09:35:00+00	4.1	Đồng hồ dây da cao cấp, mặt kính sapphire.	900000.00	Classic Watch Leather - #18	1200000.00	67	https://images.unsplash.com/photo-1523275335684-37898b6baf30?q=80&w=400&auto=format&fit=crop
160	2023-11-02 09:40:00+00	admin	admin	2023-11-02 09:40:00+00	4.3	Đồng hồ dây da cao cấp, mặt kính sapphire.	0.00	Classic Watch Leather - #19	1200000.00	145	https://images.unsplash.com/photo-1523275335684-37898b6baf30?q=80&w=400&auto=format&fit=crop
161	2023-11-02 09:45:00+00	admin	admin	2023-11-02 09:45:00+00	4.5	Đồng hồ dây da cao cấp, mặt kính sapphire.	0.00	Classic Watch Leather - #20	1200000.00	190	https://images.unsplash.com/photo-1523275335684-37898b6baf30?q=80&w=400&auto=format&fit=crop
162	2023-11-03 10:00:00+00	admin	admin	2023-11-03 10:00:00+00	4.8	Tai nghe chống ồn chủ động, âm bass mạnh.	5000000.00	Sony Headphone XM5 - #21	6500000.00	560	https://images.unsplash.com/photo-1505740420928-5e560c06d30e?q=80&w=400&auto=format&fit=crop
163	2023-11-03 10:05:00+00	admin	admin	2023-11-03 10:05:00+00	4.7	Tai nghe chống ồn chủ động, âm bass mạnh.	0.00	Sony Headphone XM5 - #22	6500000.00	320	https://images.unsplash.com/photo-1505740420928-5e560c06d30e?q=80&w=400&auto=format&fit=crop
164	2023-11-03 10:10:00+00	admin	admin	2023-11-03 10:10:00+00	4.6	Tai nghe chống ồn chủ động, âm bass mạnh.	0.00	Sony Headphone XM5 - #23	6500000.00	150	https://images.unsplash.com/photo-1505740420928-5e560c06d30e?q=80&w=400&auto=format&fit=crop
165	2023-11-03 10:15:00+00	admin	admin	2023-11-03 10:15:00+00	5	Tai nghe chống ồn chủ động, âm bass mạnh.	0.00	Sony Headphone XM5 - #24	6500000.00	45	https://images.unsplash.com/photo-1505740420928-5e560c06d30e?q=80&w=400&auto=format&fit=crop
166	2023-11-03 10:20:00+00	admin	admin	2023-11-03 10:20:00+00	4.3	Tai nghe chống ồn chủ động, âm bass mạnh.	0.00	Sony Headphone XM5 - #25	6500000.00	89	https://images.unsplash.com/photo-1505740420928-5e560c06d30e?q=80&w=400&auto=format&fit=crop
167	2023-11-03 10:25:00+00	admin	admin	2023-11-03 10:25:00+00	4.9	Tai nghe chống ồn chủ động, âm bass mạnh.	6000000.00	Sony Headphone XM5 - #26	6500000.00	400	https://images.unsplash.com/photo-1505740420928-5e560c06d30e?q=80&w=400&auto=format&fit=crop
168	2023-11-03 10:30:00+00	admin	admin	2023-11-03 10:30:00+00	4.5	Tai nghe chống ồn chủ động, âm bass mạnh.	0.00	Sony Headphone XM5 - #27	6500000.00	230	https://images.unsplash.com/photo-1505740420928-5e560c06d30e?q=80&w=400&auto=format&fit=crop
169	2023-11-03 10:35:00+00	admin	admin	2023-11-03 10:35:00+00	4.2	Tai nghe chống ồn chủ động, âm bass mạnh.	0.00	Sony Headphone XM5 - #28	6500000.00	75	https://images.unsplash.com/photo-1505740420928-5e560c06d30e?q=80&w=400&auto=format&fit=crop
170	2023-11-03 10:40:00+00	admin	admin	2023-11-03 10:40:00+00	4.4	Tai nghe chống ồn chủ động, âm bass mạnh.	0.00	Sony Headphone XM5 - #29	6500000.00	110	https://images.unsplash.com/photo-1505740420928-5e560c06d30e?q=80&w=400&auto=format&fit=crop
171	2023-11-03 10:45:00+00	admin	admin	2023-11-03 10:45:00+00	4.8	Tai nghe chống ồn chủ động, âm bass mạnh.	0.00	Sony Headphone XM5 - #30	6500000.00	310	https://images.unsplash.com/photo-1505740420928-5e560c06d30e?q=80&w=400&auto=format&fit=crop
172	2023-11-04 11:00:00+00	admin	admin	2023-11-04 11:00:00+00	5	Máy ảnh Mirrorless chuyên nghiệp, quay 4K.	35000000.00	Fujifilm X-T4 - #31	38000000.00	80	https://images.unsplash.com/photo-1526170375885-4d8ecf77b99f?q=80&w=400&auto=format&fit=crop
173	2023-11-04 11:05:00+00	admin	admin	2023-11-04 11:05:00+00	4.9	Máy ảnh Mirrorless chuyên nghiệp, quay 4K.	0.00	Fujifilm X-T4 - #32	38000000.00	45	https://images.unsplash.com/photo-1526170375885-4d8ecf77b99f?q=80&w=400&auto=format&fit=crop
174	2023-11-04 11:10:00+00	admin	admin	2023-11-04 11:10:00+00	4.7	Máy ảnh Mirrorless chuyên nghiệp, quay 4K.	0.00	Fujifilm X-T4 - #33	38000000.00	30	https://images.unsplash.com/photo-1526170375885-4d8ecf77b99f?q=80&w=400&auto=format&fit=crop
175	2023-11-04 11:15:00+00	admin	admin	2023-11-04 11:15:00+00	4.8	Máy ảnh Mirrorless chuyên nghiệp, quay 4K.	0.00	Fujifilm X-T4 - #34	38000000.00	60	https://images.unsplash.com/photo-1526170375885-4d8ecf77b99f?q=80&w=400&auto=format&fit=crop
176	2023-11-04 11:20:00+00	admin	admin	2023-11-04 11:20:00+00	4.5	Máy ảnh Mirrorless chuyên nghiệp, quay 4K.	0.00	Fujifilm X-T4 - #35	38000000.00	25	https://images.unsplash.com/photo-1526170375885-4d8ecf77b99f?q=80&w=400&auto=format&fit=crop
177	2023-11-04 11:25:00+00	admin	admin	2023-11-04 11:25:00+00	4.6	Máy ảnh Mirrorless chuyên nghiệp, quay 4K.	0.00	Fujifilm X-T4 - #36	38000000.00	90	https://images.unsplash.com/photo-1526170375885-4d8ecf77b99f?q=80&w=400&auto=format&fit=crop
178	2023-11-04 11:30:00+00	admin	admin	2023-11-04 11:30:00+00	4.3	Máy ảnh Mirrorless chuyên nghiệp, quay 4K.	0.00	Fujifilm X-T4 - #37	38000000.00	15	https://images.unsplash.com/photo-1526170375885-4d8ecf77b99f?q=80&w=400&auto=format&fit=crop
179	2023-11-04 11:35:00+00	admin	admin	2023-11-04 11:35:00+00	4.9	Máy ảnh Mirrorless chuyên nghiệp, quay 4K.	0.00	Fujifilm X-T4 - #38	38000000.00	110	https://images.unsplash.com/photo-1526170375885-4d8ecf77b99f?q=80&w=400&auto=format&fit=crop
180	2023-11-04 11:40:00+00	admin	admin	2023-11-04 11:40:00+00	5	Máy ảnh Mirrorless chuyên nghiệp, quay 4K.	0.00	Fujifilm X-T4 - #39	38000000.00	20	https://images.unsplash.com/photo-1526170375885-4d8ecf77b99f?q=80&w=400&auto=format&fit=crop
181	2023-11-04 11:45:00+00	admin	admin	2023-11-04 11:45:00+00	4.7	Máy ảnh Mirrorless chuyên nghiệp, quay 4K.	0.00	Fujifilm X-T4 - #40	38000000.00	55	https://images.unsplash.com/photo-1526170375885-4d8ecf77b99f?q=80&w=400&auto=format&fit=crop
182	2023-11-05 12:00:00+00	admin	admin	2023-11-05 12:00:00+00	4.2	Serum dưỡng ẩm Vitamin C tự nhiên.	0.00	Vitamin C Serum - #41	450000.00	500	https://images.unsplash.com/photo-1602143407151-011141950038?q=80&w=400&auto=format&fit=crop
183	2023-11-05 12:05:00+00	admin	admin	2023-11-05 12:05:00+00	4.3	Serum dưỡng ẩm Vitamin C tự nhiên.	0.00	Vitamin C Serum - #42	450000.00	120	https://images.unsplash.com/photo-1602143407151-011141950038?q=80&w=400&auto=format&fit=crop
184	2023-11-05 12:10:00+00	admin	admin	2023-11-05 12:10:00+00	4.1	Serum dưỡng ẩm Vitamin C tự nhiên.	400000.00	Vitamin C Serum - #43	450000.00	88	https://images.unsplash.com/photo-1602143407151-011141950038?q=80&w=400&auto=format&fit=crop
185	2023-11-05 12:15:00+00	admin	admin	2023-11-05 12:15:00+00	4.5	Serum dưỡng ẩm Vitamin C tự nhiên.	0.00	Vitamin C Serum - #44	450000.00	300	https://images.unsplash.com/photo-1602143407151-011141950038?q=80&w=400&auto=format&fit=crop
186	2023-11-05 12:20:00+00	admin	admin	2023-11-05 12:20:00+00	4.6	Serum dưỡng ẩm Vitamin C tự nhiên.	0.00	Vitamin C Serum - #45	450000.00	250	https://images.unsplash.com/photo-1602143407151-011141950038?q=80&w=400&auto=format&fit=crop
187	2023-11-05 12:25:00+00	admin	admin	2023-11-05 12:25:00+00	4.8	Serum dưỡng ẩm Vitamin C tự nhiên.	0.00	Vitamin C Serum - #46	450000.00	410	https://images.unsplash.com/photo-1602143407151-011141950038?q=80&w=400&auto=format&fit=crop
188	2023-11-05 12:30:00+00	admin	admin	2023-11-05 12:30:00+00	3.9	Serum dưỡng ẩm Vitamin C tự nhiên.	0.00	Vitamin C Serum - #47	450000.00	65	https://images.unsplash.com/photo-1602143407151-011141950038?q=80&w=400&auto=format&fit=crop
193	2023-11-06 13:05:00+00	admin	admin	2023-11-06 13:05:00+00	4.3	Kính râm thời trang chống tia UV.	2800000.00	Rayban Aviator - #52	3200000.00	42	https://images.unsplash.com/photo-1572635196237-14b3f281503f?q=80&w=400&auto=format&fit=crop
194	2023-11-06 13:10:00+00	admin	admin	2023-11-06 13:10:00+00	4.5	Kính râm thời trang chống tia UV.	0.00	Rayban Aviator - #53	3200000.00	120	https://images.unsplash.com/photo-1572635196237-14b3f281503f?q=80&w=400&auto=format&fit=crop
195	2023-11-06 13:15:00+00	admin	admin	2023-11-06 13:15:00+00	4.8	Kính râm thời trang chống tia UV.	0.00	Rayban Aviator - #54	3200000.00	15	https://images.unsplash.com/photo-1572635196237-14b3f281503f?q=80&w=400&auto=format&fit=crop
196	2023-11-06 13:20:00+00	admin	admin	2023-11-06 13:20:00+00	4.2	Kính râm thời trang chống tia UV.	0.00	Rayban Aviator - #55	3200000.00	60	https://images.unsplash.com/photo-1572635196237-14b3f281503f?q=80&w=400&auto=format&fit=crop
197	2023-11-06 13:25:00+00	admin	admin	2023-11-06 13:25:00+00	4.7	Kính râm thời trang chống tia UV.	0.00	Rayban Aviator - #56	3200000.00	190	https://images.unsplash.com/photo-1572635196237-14b3f281503f?q=80&w=400&auto=format&fit=crop
198	2023-11-06 13:30:00+00	admin	admin	2023-11-06 13:30:00+00	4.9	Kính râm thời trang chống tia UV.	0.00	Rayban Aviator - #57	3200000.00	205	https://images.unsplash.com/photo-1572635196237-14b3f281503f?q=80&w=400&auto=format&fit=crop
199	2023-11-06 13:35:00+00	admin	admin	2023-11-06 13:35:00+00	4	Kính râm thời trang chống tia UV.	3000000.00	Rayban Aviator - #58	3200000.00	35	https://images.unsplash.com/photo-1572635196237-14b3f281503f?q=80&w=400&auto=format&fit=crop
200	2023-11-06 13:40:00+00	admin	admin	2023-11-06 13:40:00+00	4.4	Kính râm thời trang chống tia UV.	0.00	Rayban Aviator - #59	3200000.00	78	https://images.unsplash.com/photo-1572635196237-14b3f281503f?q=80&w=400&auto=format&fit=crop
201	2023-11-06 13:45:00+00	admin	admin	2023-11-06 13:45:00+00	4.6	Kính râm thời trang chống tia UV.	0.00	Rayban Aviator - #60	3200000.00	144	https://images.unsplash.com/photo-1572635196237-14b3f281503f?q=80&w=400&auto=format&fit=crop
202	2023-11-07 14:00:00+00	admin	admin	2023-11-07 14:00:00+00	4.8	Túi xách da tổng hợp cao cấp.	0.00	Fashion Leather Bag - #61	800000.00	250	https://images.unsplash.com/photo-1584917865442-de89df76afd3?q=80&w=400&auto=format&fit=crop
203	2023-11-07 14:05:00+00	admin	admin	2023-11-07 14:05:00+00	4.5	Túi xách da tổng hợp cao cấp.	700000.00	Fashion Leather Bag - #62	800000.00	90	https://images.unsplash.com/photo-1584917865442-de89df76afd3?q=80&w=400&auto=format&fit=crop
204	2023-11-07 14:10:00+00	admin	admin	2023-11-07 14:10:00+00	4.2	Túi xách da tổng hợp cao cấp.	0.00	Fashion Leather Bag - #63	800000.00	30	https://images.unsplash.com/photo-1584917865442-de89df76afd3?q=80&w=400&auto=format&fit=crop
205	2023-11-07 14:15:00+00	admin	admin	2023-11-07 14:15:00+00	4.9	Túi xách da tổng hợp cao cấp.	0.00	Fashion Leather Bag - #64	800000.00	180	https://images.unsplash.com/photo-1584917865442-de89df76afd3?q=80&w=400&auto=format&fit=crop
206	2023-11-07 14:20:00+00	admin	admin	2023-11-07 14:20:00+00	4.3	Túi xách da tổng hợp cao cấp.	0.00	Fashion Leather Bag - #65	800000.00	60	https://images.unsplash.com/photo-1584917865442-de89df76afd3?q=80&w=400&auto=format&fit=crop
207	2023-11-07 14:25:00+00	admin	admin	2023-11-07 14:25:00+00	4.7	Túi xách da tổng hợp cao cấp.	0.00	Fashion Leather Bag - #66	800000.00	210	https://images.unsplash.com/photo-1584917865442-de89df76afd3?q=80&w=400&auto=format&fit=crop
208	2023-11-07 14:30:00+00	admin	admin	2023-11-07 14:30:00+00	4.4	Túi xách da tổng hợp cao cấp.	0.00	Fashion Leather Bag - #67	800000.00	115	https://images.unsplash.com/photo-1584917865442-de89df76afd3?q=80&w=400&auto=format&fit=crop
209	2023-11-07 14:35:00+00	admin	admin	2023-11-07 14:35:00+00	4.1	Túi xách da tổng hợp cao cấp.	650000.00	Fashion Leather Bag - #68	800000.00	45	https://images.unsplash.com/photo-1584917865442-de89df76afd3?q=80&w=400&auto=format&fit=crop
210	2023-11-07 14:40:00+00	admin	admin	2023-11-07 14:40:00+00	4.6	Túi xách da tổng hợp cao cấp.	0.00	Fashion Leather Bag - #69	800000.00	140	https://images.unsplash.com/photo-1584917865442-de89df76afd3?q=80&w=400&auto=format&fit=crop
211	2023-11-07 14:45:00+00	admin	admin	2023-11-07 14:45:00+00	5	Túi xách da tổng hợp cao cấp.	0.00	Fashion Leather Bag - #70	800000.00	85	https://images.unsplash.com/photo-1584917865442-de89df76afd3?q=80&w=400&auto=format&fit=crop
212	2023-11-08 15:00:00+00	admin	admin	2023-11-08 15:00:00+00	4.5	Đồng hồ thông minh theo dõi sức khỏe.	0.00	Smart Watch Series 7 - #71	5000000.00	320	https://images.unsplash.com/photo-1546868871-7041f2a55e12?q=80&w=400&auto=format&fit=crop
213	2023-11-08 15:05:00+00	admin	admin	2023-11-08 15:05:00+00	4.8	Đồng hồ thông minh theo dõi sức khỏe.	0.00	Smart Watch Series 7 - #72	5000000.00	500	https://images.unsplash.com/photo-1546868871-7041f2a55e12?q=80&w=400&auto=format&fit=crop
214	2023-11-08 15:10:00+00	admin	admin	2023-11-08 15:10:00+00	4.3	Đồng hồ thông minh theo dõi sức khỏe.	4500000.00	Smart Watch Series 7 - #73	5000000.00	120	https://images.unsplash.com/photo-1546868871-7041f2a55e12?q=80&w=400&auto=format&fit=crop
215	2023-11-08 15:15:00+00	admin	admin	2023-11-08 15:15:00+00	4.6	Đồng hồ thông minh theo dõi sức khỏe.	0.00	Smart Watch Series 7 - #74	5000000.00	80	https://images.unsplash.com/photo-1546868871-7041f2a55e12?q=80&w=400&auto=format&fit=crop
216	2023-11-08 15:20:00+00	admin	admin	2023-11-08 15:20:00+00	4.9	Đồng hồ thông minh theo dõi sức khỏe.	0.00	Smart Watch Series 7 - #75	5000000.00	250	https://images.unsplash.com/photo-1546868871-7041f2a55e12?q=80&w=400&auto=format&fit=crop
217	2023-11-08 15:25:00+00	admin	admin	2023-11-08 15:25:00+00	4.2	Đồng hồ thông minh theo dõi sức khỏe.	0.00	Smart Watch Series 7 - #76	5000000.00	60	https://images.unsplash.com/photo-1546868871-7041f2a55e12?q=80&w=400&auto=format&fit=crop
218	2023-11-08 15:30:00+00	admin	admin	2023-11-08 15:30:00+00	4.7	Đồng hồ thông minh theo dõi sức khỏe.	0.00	Smart Watch Series 7 - #77	5000000.00	140	https://images.unsplash.com/photo-1546868871-7041f2a55e12?q=80&w=400&auto=format&fit=crop
219	2023-11-08 15:35:00+00	admin	admin	2023-11-08 15:35:00+00	4.4	Đồng hồ thông minh theo dõi sức khỏe.	0.00	Smart Watch Series 7 - #78	5000000.00	95	https://images.unsplash.com/photo-1546868871-7041f2a55e12?q=80&w=400&auto=format&fit=crop
220	2023-11-08 15:40:00+00	admin	admin	2023-11-08 15:40:00+00	4.1	Đồng hồ thông minh theo dõi sức khỏe.	0.00	Smart Watch Series 7 - #79	5000000.00	30	https://images.unsplash.com/photo-1546868871-7041f2a55e12?q=80&w=400&auto=format&fit=crop
221	2023-11-08 15:45:00+00	admin	admin	2023-11-08 15:45:00+00	4.5	Đồng hồ thông minh theo dõi sức khỏe.	4800000.00	Smart Watch Series 7 - #80	5000000.00	200	https://images.unsplash.com/photo-1546868871-7041f2a55e12?q=80&w=400&auto=format&fit=crop
222	2023-11-09 16:00:00+00	admin	admin	2023-11-09 16:00:00+00	4.9	Tay cầm chơi game thế hệ mới.	0.00	Gaming Controller Pro - #81	1500000.00	450	https://images.unsplash.com/photo-1583394838336-acd977736f90?q=80&w=400&auto=format&fit=crop
223	2023-11-09 16:05:00+00	admin	admin	2023-11-09 16:05:00+00	4.7	Tay cầm chơi game thế hệ mới.	0.00	Gaming Controller Pro - #82	1500000.00	300	https://images.unsplash.com/photo-1583394838336-acd977736f90?q=80&w=400&auto=format&fit=crop
224	2023-11-09 16:10:00+00	admin	admin	2023-11-09 16:10:00+00	4.5	Tay cầm chơi game thế hệ mới.	1200000.00	Gaming Controller Pro - #83	1500000.00	180	https://images.unsplash.com/photo-1583394838336-acd977736f90?q=80&w=400&auto=format&fit=crop
225	2023-11-09 16:15:00+00	admin	admin	2023-11-09 16:15:00+00	4.8	Tay cầm chơi game thế hệ mới.	0.00	Gaming Controller Pro - #84	1500000.00	90	https://images.unsplash.com/photo-1583394838336-acd977736f90?q=80&w=400&auto=format&fit=crop
226	2023-11-09 16:20:00+00	admin	admin	2023-11-09 16:20:00+00	4.3	Tay cầm chơi game thế hệ mới.	0.00	Gaming Controller Pro - #85	1500000.00	60	https://images.unsplash.com/photo-1583394838336-acd977736f90?q=80&w=400&auto=format&fit=crop
227	2023-11-09 16:25:00+00	admin	admin	2023-11-09 16:25:00+00	5	Tay cầm chơi game thế hệ mới.	0.00	Gaming Controller Pro - #86	1500000.00	150	https://images.unsplash.com/photo-1583394838336-acd977736f90?q=80&w=400&auto=format&fit=crop
228	2023-11-09 16:30:00+00	admin	admin	2023-11-09 16:30:00+00	4.6	Tay cầm chơi game thế hệ mới.	0.00	Gaming Controller Pro - #87	1500000.00	210	https://images.unsplash.com/photo-1583394838336-acd977736f90?q=80&w=400&auto=format&fit=crop
229	2023-11-09 16:35:00+00	admin	admin	2023-11-09 16:35:00+00	4.2	Tay cầm chơi game thế hệ mới.	1350000.00	Gaming Controller Pro - #88	1500000.00	85	https://images.unsplash.com/photo-1583394838336-acd977736f90?q=80&w=400&auto=format&fit=crop
230	2023-11-09 16:40:00+00	admin	admin	2023-11-09 16:40:00+00	4.4	Tay cầm chơi game thế hệ mới.	0.00	Gaming Controller Pro - #89	1500000.00	110	https://images.unsplash.com/photo-1583394838336-acd977736f90?q=80&w=400&auto=format&fit=crop
231	2023-11-09 16:45:00+00	admin	admin	2023-11-09 16:45:00+00	4.7	Tay cầm chơi game thế hệ mới.	0.00	Gaming Controller Pro - #90	1500000.00	260	https://images.unsplash.com/photo-1583394838336-acd977736f90?q=80&w=400&auto=format&fit=crop
232	2023-11-10 17:00:00+00	admin	admin	2023-11-10 17:00:00+00	4.5	Mũ lưỡi trai phong cách trẻ trung.	0.00	Streetwear Cap - #91	350000.00	120	https://images.unsplash.com/photo-1519183071298-a2962feb14f4?q=80&w=400&auto=format&fit=crop
233	2023-11-10 17:05:00+00	admin	admin	2023-11-10 17:05:00+00	4.2	Mũ lưỡi trai phong cách trẻ trung.	0.00	Streetwear Cap - #92	350000.00	50	https://images.unsplash.com/photo-1519183071298-a2962feb14f4?q=80&w=400&auto=format&fit=crop
234	2023-11-10 17:10:00+00	admin	admin	2023-11-10 17:10:00+00	4.8	Mũ lưỡi trai phong cách trẻ trung.	300000.00	Streetwear Cap - #93	350000.00	80	https://images.unsplash.com/photo-1519183071298-a2962feb14f4?q=80&w=400&auto=format&fit=crop
235	2023-11-10 17:15:00+00	admin	admin	2023-11-10 17:15:00+00	4.6	Mũ lưỡi trai phong cách trẻ trung.	0.00	Streetwear Cap - #94	350000.00	150	https://images.unsplash.com/photo-1519183071298-a2962feb14f4?q=80&w=400&auto=format&fit=crop
236	2023-11-10 17:20:00+00	admin	admin	2023-11-10 17:20:00+00	4.3	Mũ lưỡi trai phong cách trẻ trung.	0.00	Streetwear Cap - #95	350000.00	30	https://images.unsplash.com/photo-1519183071298-a2962feb14f4?q=80&w=400&auto=format&fit=crop
237	2023-11-10 17:25:00+00	admin	admin	2023-11-10 17:25:00+00	4.9	Mũ lưỡi trai phong cách trẻ trung.	0.00	Streetwear Cap - #96	350000.00	200	https://images.unsplash.com/photo-1519183071298-a2962feb14f4?q=80&w=400&auto=format&fit=crop
238	2023-11-10 17:30:00+00	admin	admin	2023-11-10 17:30:00+00	4.7	Mũ lưỡi trai phong cách trẻ trung.	0.00	Streetwear Cap - #97	350000.00	110	https://images.unsplash.com/photo-1519183071298-a2962feb14f4?q=80&w=400&auto=format&fit=crop
239	2023-11-10 17:35:00+00	admin	admin	2023-11-10 17:35:00+00	4	Mũ lưỡi trai phong cách trẻ trung.	0.00	Streetwear Cap - #98	350000.00	25	https://images.unsplash.com/photo-1519183071298-a2962feb14f4?q=80&w=400&auto=format&fit=crop
240	2023-11-10 17:40:00+00	admin	admin	2023-11-10 17:40:00+00	4.4	Mũ lưỡi trai phong cách trẻ trung.	0.00	Streetwear Cap - #99	350000.00	75	https://images.unsplash.com/photo-1519183071298-a2962feb14f4?q=80&w=400&auto=format&fit=crop
241	2023-11-10 17:45:00+00	admin	admin	2023-11-10 17:45:00+00	5	Mũ lưỡi trai phong cách trẻ trung.	0.00	Streetwear Cap - #100	350000.00	95	https://images.unsplash.com/photo-1519183071298-a2962feb14f4?q=80&w=400&auto=format&fit=crop
242	2025-12-18 10:44:52.920284+00	admin@gmail.com	admin@gmail.com	2025-12-18 11:08:53.055256+00	5	Trở thành code tay to lương 1000S	5000000.00	sách giáo khoa lập trình	6000000.00	1	https://nhom5sbucket.s3.ap-southeast-1.amazonaws.com/products/thumbnails/dd6208c5-0111-41c0-bf11-2e6c4dce0bde-anh2.jpg
\.


--
-- TOC entry 3453 (class 0 OID 16412)
-- Dependencies: 224
-- Data for Name: reviews; Type: TABLE DATA; Schema: public; Owner: postgres
--

COPY public.reviews (id, created_at, created_by, modified_by, updated_at, comment, rating, user_email, product_id) FROM stdin;
309	2025-12-18 11:08:53.84738+00	admin@gmail.com	admin@gmail.com	2025-12-18 11:08:53.84738+00	sản phẩm quá tệ	5	admin@gmail.com	242
317	2025-12-20 02:31:37.057528+00	admin@gmail.com	admin@gmail.com	2025-12-20 02:31:37.057528+00	rất tuyệt	5	admin@gmail.com	28
310	2025-12-18 11:38:48.683451+00	admin@gmail.com	admin@gmail.com	2025-12-18 11:38:48.683451+00	rất tốt 	4	admin@gmail.com	25
311	2025-12-18 11:52:24.804347+00	admin@gmail.com	admin@gmail.com	2025-12-18 11:52:24.804347+00	quá tệ	1	admin@gmail.com	25
314	2025-12-18 13:46:25.82226+00	an01639419125@gmail.com	an01639419125@gmail.com	2025-12-18 13:46:25.82226+00	bình thường	4	an01639419125@gmail.com	21
301	2025-12-18 04:05:49.789234+00	an01639419125@gmail.com	an01639419125@gmail.com	2025-12-18 04:05:49.789234+00	đẹp lắm\n	5	an01639419125@gmail.com	43
302	2025-12-18 04:06:02.604171+00	an01639419125@gmail.com	an01639419125@gmail.com	2025-12-18 04:06:02.604171+00	xấu quá	4	an01639419125@gmail.com	43
303	2025-12-18 04:20:51.036156+00	an01639419125@gmail.com	an01639419125@gmail.com	2025-12-18 04:20:51.036156+00	bình thường	4	an01639419125@gmail.com	49
305	2025-12-18 04:31:25.085395+00	an01639419125@gmail.com	an01639419125@gmail.com	2025-12-18 04:31:25.085395+00	rất tốt	4	an01639419125@gmail.com	17
306	2025-12-18 04:31:53.085163+00	an01639419125@gmail.com	an01639419125@gmail.com	2025-12-18 04:31:53.085163+00		5	an01639419125@gmail.com	17
307	2025-12-18 04:32:01.3402+00	an01639419125@gmail.com	an01639419125@gmail.com	2025-12-18 04:32:01.3402+00	212\n	5	an01639419125@gmail.com	17
\.


--
-- TOC entry 3459 (class 0 OID 0)
-- Dependencies: 217
-- Name: categories_id_seq; Type: SEQUENCE SET; Schema: public; Owner: postgres
--

SELECT pg_catalog.setval('public.categories_id_seq', 33, true);


--
-- TOC entry 3460 (class 0 OID 0)
-- Dependencies: 221
-- Name: products_id_seq; Type: SEQUENCE SET; Schema: public; Owner: postgres
--

SELECT pg_catalog.setval('public.products_id_seq', 242, true);


--
-- TOC entry 3461 (class 0 OID 0)
-- Dependencies: 223
-- Name: reviews_id_seq; Type: SEQUENCE SET; Schema: public; Owner: postgres
--

SELECT pg_catalog.setval('public.reviews_id_seq', 317, true);


--
-- TOC entry 3290 (class 2606 OID 16392)
-- Name: categories categories_pkey; Type: CONSTRAINT; Schema: public; Owner: postgres
--

ALTER TABLE ONLY public.categories
    ADD CONSTRAINT categories_pkey PRIMARY KEY (id);


--
-- TOC entry 3292 (class 2606 OID 16397)
-- Name: product_categories product_categories_pkey; Type: CONSTRAINT; Schema: public; Owner: postgres
--

ALTER TABLE ONLY public.product_categories
    ADD CONSTRAINT product_categories_pkey PRIMARY KEY (product_id, category_id);


--
-- TOC entry 3294 (class 2606 OID 16410)
-- Name: products products_pkey; Type: CONSTRAINT; Schema: public; Owner: postgres
--

ALTER TABLE ONLY public.products
    ADD CONSTRAINT products_pkey PRIMARY KEY (id);


--
-- TOC entry 3296 (class 2606 OID 16418)
-- Name: reviews reviews_pkey; Type: CONSTRAINT; Schema: public; Owner: postgres
--

ALTER TABLE ONLY public.reviews
    ADD CONSTRAINT reviews_pkey PRIMARY KEY (id);


--
-- TOC entry 3300 (class 2606 OID 16434)
-- Name: reviews fk_review_product; Type: FK CONSTRAINT; Schema: public; Owner: postgres
--

ALTER TABLE ONLY public.reviews
    ADD CONSTRAINT fk_review_product FOREIGN KEY (product_id) REFERENCES public.products(id);


--
-- TOC entry 3297 (class 2606 OID 16419)
-- Name: product_categories fkd112rx0alycddsms029iifrih; Type: FK CONSTRAINT; Schema: public; Owner: postgres
--

ALTER TABLE ONLY public.product_categories
    ADD CONSTRAINT fkd112rx0alycddsms029iifrih FOREIGN KEY (category_id) REFERENCES public.categories(id);


--
-- TOC entry 3298 (class 2606 OID 16424)
-- Name: product_categories fklda9rad6s180ha3dl1ncsp8n7; Type: FK CONSTRAINT; Schema: public; Owner: postgres
--

ALTER TABLE ONLY public.product_categories
    ADD CONSTRAINT fklda9rad6s180ha3dl1ncsp8n7 FOREIGN KEY (product_id) REFERENCES public.products(id);


--
-- TOC entry 3299 (class 2606 OID 16429)
-- Name: product_images fkqnq71xsohugpqwf3c9gxmsuy; Type: FK CONSTRAINT; Schema: public; Owner: postgres
--

ALTER TABLE ONLY public.product_images
    ADD CONSTRAINT fkqnq71xsohugpqwf3c9gxmsuy FOREIGN KEY (product_id) REFERENCES public.products(id);


-- Completed on 2025-12-20 10:17:06

--
-- PostgreSQL database dump complete
--

\unrestrict c7uLfza7G1uFh12RQ749b7nwQbX8ZGJht2h8OaPgN7SjibIfoB5b3YdfkPwvfqH

